[{"model": "admin.logentry", "pk": 1, "fields": {"action_time": "2025-06-10T02:22:17.117Z", "user": 2, "content_type": 7, "object_id": "2", "object_repr": "Crunch cruzado", "action_flag": 1, "change_message": "[{\"added\": {}}]"}}, {"model": "admin.logentry", "pk": 2, "fields": {"action_time": "2025-06-11T02:11:13.482Z", "user": 2, "content_type": 7, "object_id": "3", "object_repr": "Crunch superior", "action_flag": 1, "change_message": "[{\"added\": {}}]"}}, {"model": "admin.logentry", "pk": 3, "fields": {"action_time": "2025-06-11T02:12:02.426Z", "user": 2, "content_type": 7, "object_id": "4", "object_repr": "Crunch inferior cruzado", "action_flag": 1, "change_message": "[{\"added\": {}}]"}}, {"model": "admin.logentry", "pk": 4, "fields": {"action_time": "2025-06-11T02:12:35.573Z", "user": 2, "content_type": 7, "object_id": "5", "object_repr": "Plancha", "action_flag": 1, "change_message": "[{\"added\": {}}]"}}, {"model": "admin.logentry", "pk": 5, "fields": {"action_time": "2025-06-11T02:13:19.507Z", "user": 2, "content_type": 7, "object_id": "6", "object_repr": "Crunch doble vertical en mßquina", "action_flag": 1, "change_message": "[{\"added\": {}}]"}}, {"model": "admin.logentry", "pk": 6, "fields": {"action_time": "2025-06-11T02:14:02.491Z", "user": 2, "content_type": 7, "object_id": "7", "object_repr": "Curl en supinaci¾n en mßquina", "action_flag": 1, "change_message": "[{\"added\": {}}]"}}, {"model": "admin.logentry", "pk": 7, "fields": {"action_time": "2025-06-11T02:14:53.108Z", "user": 2, "content_type": 7, "object_id": "8", "object_repr": "Curl aislado neutro con mancuernas\"", "action_flag": 1, "change_message": "[{\"added\": {}}]"}}, {"model": "admin.logentry", "pk": 8, "fields": {"action_time": "2025-06-11T02:15:30.014Z", "user": 2, "content_type": 7, "object_id": "9", "object_repr": "Curl con giro alterno con mancuernas", "action_flag": 1, "change_message": "[{\"added\": {}}]"}}, {"model": "admin.logentry", "pk": 9, "fields": {"action_time": "2025-06-11T02:15:55.552Z", "user": 2, "content_type": 7, "object_id": "10", "object_repr": "Curl concentrado con mancuernas", "action_flag": 1, "change_message": "[{\"added\": {}}]"}}, {"model": "admin.logentry", "pk": 10, "fields": {"action_time": "2025-06-11T02:16:23.775Z", "user": 2, "content_type": 7, "object_id": "11", "object_repr": "Jal¾n en pronaci¾n en mßquina", "action_flag": 1, "change_message": "[{\"added\": {}}]"}}, {"model": "admin.logentry", "pk": 11, "fields": {"action_time": "2025-06-11T02:16:49.639Z", "user": 2, "content_type": 7, "object_id": "12", "object_repr": "Remo aislado en mßquina smith", "action_flag": 1, "change_message": "[{\"added\": {}}]"}}, {"model": "admin.logentry", "pk": 12, "fields": {"action_time": "2025-06-11T02:17:13.862Z", "user": 2, "content_type": 7, "object_id": "13", "object_repr": "Remo en barra T", "action_flag": 1, "change_message": "[{\"added\": {}}]"}}, {"model": "admin.logentry", "pk": 13, "fields": {"action_time": "2025-06-11T02:17:36.154Z", "user": 2, "content_type": 7, "object_id": "14", "object_repr": "Remo horizontal en mßquina", "action_flag": 1, "change_message": "[{\"added\": {}}]"}}, {"model": "admin.logentry", "pk": 14, "fields": {"action_time": "2025-06-11T02:18:14.059Z", "user": 2, "content_type": 7, "object_id": "15", "object_repr": "Curl aislado en polea", "action_flag": 1, "change_message": "[{\"added\": {}}]"}}, {"model": "admin.logentry", "pk": 15, "fields": {"action_time": "2025-06-11T02:18:34.495Z", "user": 2, "content_type": 7, "object_id": "16", "object_repr": "Curl en martillo en polea", "action_flag": 1, "change_message": "[{\"added\": {}}]"}}, {"model": "admin.logentry", "pk": 16, "fields": {"action_time": "2025-06-11T02:19:08.138Z", "user": 2, "content_type": 7, "object_id": "17", "object_repr": "Curl en martillo en polea baja", "action_flag": 1, "change_message": "[{\"added\": {}}]"}}, {"model": "admin.logentry", "pk": 17, "fields": {"action_time": "2025-06-11T02:19:40.028Z", "user": 2, "content_type": 7, "object_id": "18", "object_repr": "Curl aislado en supinaci¾n con mancuerna", "action_flag": 1, "change_message": "[{\"added\": {}}]"}}, {"model": "admin.logentry", "pk": 18, "fields": {"action_time": "2025-06-11T02:20:28.924Z", "user": 2, "content_type": 7, "object_id": "19", "object_repr": "Hip thrust aislado con barra", "action_flag": 1, "change_message": "[{\"added\": {}}]"}}, {"model": "admin.logentry", "pk": 19, "fields": {"action_time": "2025-06-11T02:21:08.788Z", "user": 2, "content_type": 7, "object_id": "20", "object_repr": "Extensi¾n de gemelos sentado en mßquina", "action_flag": 1, "change_message": "[{\"added\": {}}]"}}, {"model": "admin.logentry", "pk": 20, "fields": {"action_time": "2025-06-11T02:21:31.219Z", "user": 2, "content_type": 7, "object_id": "21", "object_repr": "Extensi¾n frontal en mßquina", "action_flag": 1, "change_message": "[{\"added\": {}}]"}}, {"model": "admin.logentry", "pk": 21, "fields": {"action_time": "2025-06-11T02:21:50.750Z", "user": 2, "content_type": 7, "object_id": "22", "object_repr": "Extensi¾n Trasera en mßquina", "action_flag": 1, "change_message": "[{\"added\": {}}]"}}, {"model": "admin.logentry", "pk": 22, "fields": {"action_time": "2025-06-11T02:22:11.167Z", "user": 2, "content_type": 7, "object_id": "23", "object_repr": "Prensa Inclinada", "action_flag": 1, "change_message": "[{\"added\": {}}]"}}, {"model": "admin.logentry", "pk": 23, "fields": {"action_time": "2025-06-11T02:22:42.258Z", "user": 2, "content_type": 7, "object_id": "24", "object_repr": "Prensa inclinada cerrada", "action_flag": 1, "change_message": "[{\"added\": {}}]"}}, {"model": "admin.logentry", "pk": 24, "fields": {"action_time": "2025-06-11T02:23:11.439Z", "user": 2, "content_type": 7, "object_id": "25", "object_repr": "Sentadilla cerrada inclinada en mßquina", "action_flag": 1, "change_message": "[{\"added\": {}}]"}}, {"model": "admin.logentry", "pk": 25, "fields": {"action_time": "2025-06-11T02:23:55.923Z", "user": 2, "content_type": 7, "object_id": "26", "object_repr": "Aductor externo en polea", "action_flag": 1, "change_message": "[{\"added\": {}}]"}}, {"model": "admin.logentry", "pk": 26, "fields": {"action_time": "2025-06-11T02:24:24.535Z", "user": 2, "content_type": 7, "object_id": "27", "object_repr": "Hip thrust inclinado con barra", "action_flag": 1, "change_message": "[{\"added\": {}}]"}}, {"model": "admin.logentry", "pk": 27, "fields": {"action_time": "2025-06-11T02:24:44.339Z", "user": 2, "content_type": 7, "object_id": "28", "object_repr": "Aductor externo aislado con mßquina", "action_flag": 1, "change_message": "[{\"added\": {}}]"}}, {"model": "admin.logentry", "pk": 28, "fields": {"action_time": "2025-06-11T02:25:04.096Z", "user": 2, "content_type": 7, "object_id": "29", "object_repr": "Aductor externo en mßquina", "action_flag": 1, "change_message": "[{\"added\": {}}]"}}, {"model": "admin.logentry", "pk": 29, "fields": {"action_time": "2025-06-11T02:25:21.331Z", "user": 2, "content_type": 7, "object_id": "30", "object_repr": "Aductor interno aislado con mßquina", "action_flag": 1, "change_message": "[{\"added\": {}}]"}}, {"model": "admin.logentry", "pk": 30, "fields": {"action_time": "2025-06-11T02:25:45.412Z", "user": 2, "content_type": 7, "object_id": "31", "object_repr": "Aductor interno en mßquina", "action_flag": 1, "change_message": "[{\"added\": {}}]"}}, {"model": "admin.logentry", "pk": 31, "fields": {"action_time": "2025-06-11T02:26:09.582Z", "user": 2, "content_type": 7, "object_id": "32", "object_repr": "Curl femoral horizontal en mßquina", "action_flag": 1, "change_message": "[{\"added\": {}}]"}}, {"model": "admin.logentry", "pk": 32, "fields": {"action_time": "2025-06-11T02:26:35.411Z", "user": 2, "content_type": 7, "object_id": "33", "object_repr": "Curl femoral vertical en mßquina", "action_flag": 1, "change_message": "[{\"added\": {}}]"}}, {"model": "admin.logentry", "pk": 33, "fields": {"action_time": "2025-06-11T02:27:02.859Z", "user": 2, "content_type": 7, "object_id": "34", "object_repr": "Extension de cußdriceps en mßquina", "action_flag": 1, "change_message": "[{\"added\": {}}]"}}, {"model": "admin.logentry", "pk": 34, "fields": {"action_time": "2025-06-11T02:27:40.687Z", "user": 2, "content_type": 7, "object_id": "35", "object_repr": "Curl femoral vertical en polea", "action_flag": 1, "change_message": "[{\"added\": {}}]"}}, {"model": "admin.logentry", "pk": 35, "fields": {"action_time": "2025-07-02T01:27:04.662Z", "user": 2, "content_type": 7, "object_id": "11", "object_repr": "Jal¾n en pronaci¾n en mßquina", "action_flag": 2, "change_message": "[]"}}, {"model": "admin.logentry", "pk": 36, "fields": {"action_time": "2025-07-02T01:28:07.301Z", "user": 2, "content_type": 7, "object_id": "36", "object_repr": "Extensiones Cruzadas en Polea", "action_flag": 1, "change_message": "[{\"added\": {}}]"}}, {"model": "admin.logentry", "pk": 37, "fields": {"action_time": "2025-07-02T01:32:30.972Z", "user": 2, "content_type": 7, "object_id": "37", "object_repr": "Extensiones Concentradas en Polea Alta", "action_flag": 1, "change_message": "[{\"added\": {}}]"}}, {"model": "admin.logentry", "pk": 38, "fields": {"action_time": "2025-07-02T01:33:00.074Z", "user": 2, "content_type": 7, "object_id": "38", "object_repr": "Extensiones en caÝda libre", "action_flag": 1, "change_message": "[{\"added\": {}}]"}}, {"model": "admin.logentry", "pk": 39, "fields": {"action_time": "2025-07-02T01:33:34.624Z", "user": 2, "content_type": 7, "object_id": "39", "object_repr": "Extensiones en Pronaci¾n en Mßquina", "action_flag": 1, "change_message": "[{\"added\": {}}]"}}, {"model": "admin.logentry", "pk": 40, "fields": {"action_time": "2025-07-02T01:33:56.769Z", "user": 2, "content_type": 7, "object_id": "40", "object_repr": "https://fitcron.com/exercise/extensiones-horizontales-internas-con-mancuernas-triceps/", "action_flag": 1, "change_message": "[{\"added\": {}}]"}}, {"model": "admin.logentry", "pk": 41, "fields": {"action_time": "2025-07-02T01:34:24.533Z", "user": 2, "content_type": 7, "object_id": "41", "object_repr": "https://fitcron.com/exercise/extensiones-inclinadas-con-mancuernas-triceps/", "action_flag": 1, "change_message": "[{\"added\": {}}]"}}, {"model": "admin.logentry", "pk": 42, "fields": {"action_time": "2025-07-02T01:35:08.685Z", "user": 2, "content_type": 7, "object_id": "40", "object_repr": "Extensiones horizontales internas con mancuernas", "action_flag": 2, "change_message": "[{\"changed\": {\"fields\": [\"Nombre\"]}}]"}}, {"model": "admin.logentry", "pk": 43, "fields": {"action_time": "2025-07-02T01:35:23.210Z", "user": 2, "content_type": 7, "object_id": "41", "object_repr": "Extensioens inclinadas con mancuernas tricpes", "action_flag": 2, "change_message": "[{\"changed\": {\"fields\": [\"Nombre\"]}}]"}}, {"model": "admin.logentry", "pk": 44, "fields": {"action_time": "2025-07-02T01:35:58.881Z", "user": 2, "content_type": 7, "object_id": "42", "object_repr": "Extensi¾n Concentrada en Polea Alta", "action_flag": 1, "change_message": "[{\"added\": {}}]"}}, {"model": "admin.logentry", "pk": 45, "fields": {"action_time": "2025-07-02T01:36:09.920Z", "user": 2, "content_type": 7, "object_id": "40", "object_repr": "Extensiones horizontales internas con mancuernas", "action_flag": 2, "change_message": "[{\"changed\": {\"fields\": [\"Equipamiento\"]}}]"}}, {"model": "admin.logentry", "pk": 46, "fields": {"action_time": "2025-07-02T01:36:19.910Z", "user": 2, "content_type": 7, "object_id": "41", "object_repr": "Extensiones inclinadas con mancuernas tricpes", "action_flag": 2, "change_message": "[{\"changed\": {\"fields\": [\"Nombre\", \"Equipamiento\"]}}]"}}, {"model": "admin.logentry", "pk": 47, "fields": {"action_time": "2025-07-02T01:42:32.725Z", "user": 2, "content_type": 7, "object_id": "43", "object_repr": "Extensi¾n Concentrada en Polea Baja", "action_flag": 1, "change_message": "[{\"added\": {}}]"}}, {"model": "admin.logentry", "pk": 48, "fields": {"action_time": "2025-07-02T01:42:58.265Z", "user": 2, "content_type": 7, "object_id": "44", "object_repr": "Extensi¾n Declinada con Mancuernas", "action_flag": 1, "change_message": "[{\"added\": {}}]"}}, {"model": "admin.logentry", "pk": 49, "fields": {"action_time": "2025-07-02T01:47:28.127Z", "user": 2, "content_type": 7, "object_id": "45", "object_repr": "Extensi¾n Frontal Aislada en Polea Alta", "action_flag": 1, "change_message": "[{\"added\": {}}]"}}, {"model": "admin.logentry", "pk": 50, "fields": {"action_time": "2025-07-02T01:48:07.644Z", "user": 2, "content_type": 7, "object_id": "46", "object_repr": "Extensi¾n hacia abajo con Bandas", "action_flag": 1, "change_message": "[{\"added\": {}}]"}}, {"model": "admin.logentry", "pk": 51, "fields": {"action_time": "2025-07-02T04:18:21.769Z", "user": 2, "content_type": 7, "object_id": "47", "object_repr": "Extensi¾n Horizontal con Barra", "action_flag": 1, "change_message": "[{\"added\": {}}]"}}, {"model": "admin.logentry", "pk": 52, "fields": {"action_time": "2025-07-02T04:19:42.186Z", "user": 2, "content_type": 7, "object_id": "48", "object_repr": "Extensi¾n Horizontal en Martillo en Polea Alta", "action_flag": 1, "change_message": "[{\"added\": {}}]"}}, {"model": "admin.logentry", "pk": 53, "fields": {"action_time": "2025-07-02T04:20:09.096Z", "user": 2, "content_type": 7, "object_id": "49", "object_repr": "Extensi¾n Lateral Aislada con Banda", "action_flag": 1, "change_message": "[{\"added\": {}}]"}}, {"model": "admin.logentry", "pk": 54, "fields": {"action_time": "2025-07-02T04:20:40.418Z", "user": 2, "content_type": 7, "object_id": "50", "object_repr": "Extensi¾n Lateral Aislada en Supinaci¾n en Polea Alta", "action_flag": 1, "change_message": "[{\"added\": {}}]"}}, {"model": "admin.logentry", "pk": 55, "fields": {"action_time": "2025-07-02T04:21:04.290Z", "user": 2, "content_type": 7, "object_id": "51", "object_repr": "Extensi¾n Trasera Aislada en Polea Alta", "action_flag": 1, "change_message": "[{\"added\": {}}]"}}, {"model": "admin.logentry", "pk": 56, "fields": {"action_time": "2025-07-02T04:21:30.660Z", "user": 2, "content_type": 7, "object_id": "52", "object_repr": "Extensi¾n Vertical Aislada con Mancuerna", "action_flag": 1, "change_message": "[{\"added\": {}}]"}}, {"model": "admin.logentry", "pk": 57, "fields": {"action_time": "2025-07-02T04:22:02.559Z", "user": 2, "content_type": 7, "object_id": "53", "object_repr": "Extensi¾n Vertical Aislada en Pronaci¾n en Polea Alta", "action_flag": 1, "change_message": "[{\"added\": {}}]"}}, {"model": "admin.logentry", "pk": 58, "fields": {"action_time": "2025-07-02T04:22:23.669Z", "user": 2, "content_type": 7, "object_id": "54", "object_repr": "Extensi¾n Vertical Aislada en Pronaci¾n en Polea Baja", "action_flag": 1, "change_message": "[{\"added\": {}}]"}}, {"model": "admin.logentry", "pk": 59, "fields": {"action_time": "2025-07-02T04:22:49.903Z", "user": 2, "content_type": 7, "object_id": "55", "object_repr": "Extensi¾n Vertical Aislada en Supinaci¾n en Polea Alta", "action_flag": 1, "change_message": "[{\"added\": {}}]"}}, {"model": "admin.logentry", "pk": 60, "fields": {"action_time": "2025-07-02T04:23:09.143Z", "user": 2, "content_type": 7, "object_id": "56", "object_repr": "Extensi¾n Vertical con Bandas", "action_flag": 1, "change_message": "[{\"added\": {}}]"}}, {"model": "admin.logentry", "pk": 61, "fields": {"action_time": "2025-07-02T04:25:18.233Z", "user": 2, "content_type": 7, "object_id": "57", "object_repr": "Extensi¾n Vertical con Mancuerna", "action_flag": 1, "change_message": "[{\"added\": {}}]"}}, {"model": "admin.logentry", "pk": 62, "fields": {"action_time": "2025-07-02T04:25:49.762Z", "user": 2, "content_type": 7, "object_id": "58", "object_repr": "Extensi¾n Vertical en Pronaci¾n en Polea Alta", "action_flag": 1, "change_message": "[{\"added\": {}}]"}}, {"model": "admin.logentry", "pk": 63, "fields": {"action_time": "2025-07-02T04:27:35.067Z", "user": 2, "content_type": 7, "object_id": "59", "object_repr": "Extensi¾n Vertical en Supinaci¾n en Polea Alta", "action_flag": 1, "change_message": "[{\"added\": {}}]"}}, {"model": "admin.logentry", "pk": 64, "fields": {"action_time": "2025-07-02T04:27:57.974Z", "user": 2, "content_type": 7, "object_id": "60", "object_repr": "Extensi¾n Vertical Neutra en Polea Alta", "action_flag": 1, "change_message": "[{\"added\": {}}]"}}, {"model": "admin.logentry", "pk": 65, "fields": {"action_time": "2025-07-02T04:28:14.952Z", "user": 2, "content_type": 7, "object_id": "61", "object_repr": "Extensi¾n Vertical Neutra en Polea Baja", "action_flag": 1, "change_message": "[{\"added\": {}}]"}}, {"model": "admin.logentry", "pk": 66, "fields": {"action_time": "2025-07-02T04:29:01.023Z", "user": 2, "content_type": 7, "object_id": "62", "object_repr": "Patadas Traseras con Mancuernas", "action_flag": 1, "change_message": "[{\"added\": {}}]"}}, {"model": "admin.logentry", "pk": 67, "fields": {"action_time": "2025-07-02T04:29:33.314Z", "user": 2, "content_type": 7, "object_id": "63", "object_repr": "Patadas Traseras en Polea", "action_flag": 1, "change_message": "[{\"added\": {}}]"}}, {"model": "admin.logentry", "pk": 68, "fields": {"action_time": "2025-07-02T04:30:01.027Z", "user": 2, "content_type": 7, "object_id": "64", "object_repr": "Press Banca con giro con Mancuernas", "action_flag": 1, "change_message": "[{\"added\": {}}]"}}, {"model": "admin.logentry", "pk": 69, "fields": {"action_time": "2025-07-02T04:31:10.899Z", "user": 2, "content_type": 7, "object_id": "65", "object_repr": "Press Banca en Supinaci¾n Aislado con Mancuerna", "action_flag": 1, "change_message": "[{\"added\": {}}]"}}, {"model": "admin.logentry", "pk": 70, "fields": {"action_time": "2025-07-02T04:31:34.279Z", "user": 2, "content_type": 7, "object_id": "66", "object_repr": "Press Banca Neutro con Mancuernas", "action_flag": 1, "change_message": "[{\"added\": {}}]"}}, {"model": "admin.logentry", "pk": 71, "fields": {"action_time": "2025-07-02T04:32:24.336Z", "user": 2, "content_type": 7, "object_id": "67", "object_repr": "Press Cerrado con Barra", "action_flag": 1, "change_message": "[{\"added\": {}}]"}}, {"model": "admin.logentry", "pk": 72, "fields": {"action_time": "2025-07-03T00:39:43.555Z", "user": 2, "content_type": 7, "object_id": "68", "object_repr": "Aperturas con Bandas", "action_flag": 1, "change_message": "[{\"added\": {}}]"}}, {"model": "admin.logentry", "pk": 73, "fields": {"action_time": "2025-07-03T00:40:21.869Z", "user": 2, "content_type": 7, "object_id": "69", "object_repr": "Aperturas con Mancuernas", "action_flag": 1, "change_message": "[{\"added\": {}}]"}}, {"model": "admin.logentry", "pk": 74, "fields": {"action_time": "2025-07-03T00:40:46.889Z", "user": 2, "content_type": 7, "object_id": "70", "object_repr": "Aperturas Declinadas con giro con Mancuernas", "action_flag": 1, "change_message": "[{\"added\": {}}]"}}, {"model": "admin.logentry", "pk": 75, "fields": {"action_time": "2025-07-03T00:57:56.134Z", "user": 2, "content_type": 7, "object_id": "71", "object_repr": "Aperturas Declinadas con Mancuernas", "action_flag": 1, "change_message": "[{\"added\": {}}]"}}, {"model": "admin.logentry", "pk": 76, "fields": {"action_time": "2025-07-03T00:58:17.091Z", "user": 2, "content_type": 7, "object_id": "72", "object_repr": "Aperturas en Mßquina", "action_flag": 1, "change_message": "[{\"added\": {}}]"}}, {"model": "admin.logentry", "pk": 77, "fields": {"action_time": "2025-07-03T00:58:40.192Z", "user": 2, "content_type": 7, "object_id": "73", "object_repr": "Aperturas Extendidas en Mßquina", "action_flag": 1, "change_message": "[{\"added\": {}}]"}}, {"model": "admin.logentry", "pk": 78, "fields": {"action_time": "2025-07-03T00:59:06.898Z", "user": 2, "content_type": 7, "object_id": "74", "object_repr": "Aperturas Inclinadas con Mancuernas", "action_flag": 1, "change_message": "[{\"added\": {}}]"}}, {"model": "admin.logentry", "pk": 79, "fields": {"action_time": "2025-07-03T01:01:32.044Z", "user": 2, "content_type": 7, "object_id": "75", "object_repr": "Cruce completo de Poleas", "action_flag": 1, "change_message": "[{\"added\": {}}]"}}, {"model": "admin.logentry", "pk": 80, "fields": {"action_time": "2025-07-03T01:01:49.686Z", "user": 2, "content_type": 7, "object_id": "76", "object_repr": "Cruce de Poleas", "action_flag": 1, "change_message": "[{\"added\": {}}]"}}, {"model": "admin.logentry", "pk": 81, "fields": {"action_time": "2025-07-03T01:02:17.754Z", "user": 2, "content_type": 7, "object_id": "77", "object_repr": "Cruce inferior de Poleas", "action_flag": 1, "change_message": "[{\"added\": {}}]"}}, {"model": "admin.logentry", "pk": 82, "fields": {"action_time": "2025-07-03T01:02:35.567Z", "user": 2, "content_type": 7, "object_id": "78", "object_repr": "Cruce superior de Poleas", "action_flag": 1, "change_message": "[{\"added\": {}}]"}}, {"model": "admin.logentry", "pk": 83, "fields": {"action_time": "2025-07-03T01:16:59.034Z", "user": 2, "content_type": 7, "object_id": "79", "object_repr": "Fondos en Mßquina", "action_flag": 1, "change_message": "[{\"added\": {}}]"}}, {"model": "admin.logentry", "pk": 84, "fields": {"action_time": "2025-07-03T01:17:38.878Z", "user": 2, "content_type": 7, "object_id": "80", "object_repr": "Fondos en Paralelas", "action_flag": 1, "change_message": "[{\"added\": {}}]"}}, {"model": "admin.logentry", "pk": 85, "fields": {"action_time": "2025-07-03T01:18:02.606Z", "user": 2, "content_type": 7, "object_id": "81", "object_repr": "Press Abierto Neutro con Mancuernas", "action_flag": 1, "change_message": "[{\"added\": {}}]"}}, {"model": "admin.logentry", "pk": 86, "fields": {"action_time": "2025-07-03T01:18:26.071Z", "user": 2, "content_type": 7, "object_id": "82", "object_repr": "Press Aislado en Supinaci¾n con Mancuerna", "action_flag": 1, "change_message": "[{\"added\": {}}]"}}, {"model": "admin.logentry", "pk": 87, "fields": {"action_time": "2025-07-03T01:18:46.339Z", "user": 2, "content_type": 7, "object_id": "83", "object_repr": "Press Banca Abierto con Barra", "action_flag": 1, "change_message": "[{\"added\": {}}]"}}, {"model": "admin.logentry", "pk": 88, "fields": {"action_time": "2025-07-03T01:19:12.274Z", "user": 2, "content_type": 7, "object_id": "84", "object_repr": "Press Banca Abierto Inverso con Barra", "action_flag": 1, "change_message": "[{\"added\": {}}]"}}, {"model": "admin.logentry", "pk": 89, "fields": {"action_time": "2025-07-03T01:19:48.385Z", "user": 2, "content_type": 7, "object_id": "85", "object_repr": "Press Banca Alterno con Mancuernas", "action_flag": 1, "change_message": "[{\"added\": {}}]"}}, {"model": "admin.logentry", "pk": 90, "fields": {"action_time": "2025-07-03T01:20:09.369Z", "user": 2, "content_type": 7, "object_id": "86", "object_repr": "Press Banca Cerrado con Barra", "action_flag": 1, "change_message": "[{\"added\": {}}]"}}, {"model": "admin.logentry", "pk": 91, "fields": {"action_time": "2025-07-03T01:20:40.734Z", "user": 2, "content_type": 7, "object_id": "87", "object_repr": "Press Banca con Barra", "action_flag": 1, "change_message": "[{\"added\": {}}]"}}, {"model": "admin.logentry", "pk": 92, "fields": {"action_time": "2025-07-03T01:21:22.881Z", "user": 2, "content_type": 7, "object_id": "88", "object_repr": "Press Banca en Mßquina", "action_flag": 1, "change_message": "[{\"added\": {}}]"}}, {"model": "admin.logentry", "pk": 93, "fields": {"action_time": "2025-07-03T01:22:02.114Z", "user": 2, "content_type": 7, "object_id": "89", "object_repr": "Press Cerrado Neutro con Mancuernas", "action_flag": 1, "change_message": "[{\"added\": {}}]"}}, {"model": "admin.logentry", "pk": 94, "fields": {"action_time": "2025-07-03T01:24:17.848Z", "user": 2, "content_type": 7, "object_id": "90", "object_repr": "Press Declinado con Barra", "action_flag": 1, "change_message": "[{\"added\": {}}]"}}, {"model": "admin.logentry", "pk": 95, "fields": {"action_time": "2025-07-03T01:24:38.743Z", "user": 2, "content_type": 7, "object_id": "91", "object_repr": "Press Frontal Cerrado en Mßquina", "action_flag": 1, "change_message": "[{\"added\": {}}]"}}, {"model": "admin.logentry", "pk": 96, "fields": {"action_time": "2025-07-03T01:25:01.090Z", "user": 2, "content_type": 7, "object_id": "92", "object_repr": "Press Frontal en Mßquina", "action_flag": 1, "change_message": "[{\"added\": {}}]"}}, {"model": "admin.logentry", "pk": 97, "fields": {"action_time": "2025-07-03T01:26:05.786Z", "user": 2, "content_type": 7, "object_id": "93", "object_repr": "Press Frontal Inferior en Mßquina", "action_flag": 1, "change_message": "[{\"added\": {}}]"}}, {"model": "admin.logentry", "pk": 98, "fields": {"action_time": "2025-07-03T01:26:33.924Z", "user": 2, "content_type": 7, "object_id": "94", "object_repr": "Press Frontal Superior en Mßquina", "action_flag": 1, "change_message": "[{\"added\": {}}]"}}, {"model": "admin.logentry", "pk": 99, "fields": {"action_time": "2025-07-03T01:28:01.953Z", "user": 2, "content_type": 7, "object_id": "95", "object_repr": "Press Inclinado con Barra", "action_flag": 1, "change_message": "[{\"added\": {}}]"}}, {"model": "admin.logentry", "pk": 100, "fields": {"action_time": "2025-07-03T01:33:09.559Z", "user": 2, "content_type": 7, "object_id": "96", "object_repr": "Dominada", "action_flag": 1, "change_message": "[{\"added\": {}}]"}}, {"model": "admin.logentry", "pk": 101, "fields": {"action_time": "2025-07-03T01:33:55.206Z", "user": 2, "content_type": 7, "object_id": "97", "object_repr": "Extensiones Cruzadas en Polea Alta", "action_flag": 1, "change_message": "[{\"added\": {}}]"}}, {"model": "admin.logentry", "pk": 102, "fields": {"action_time": "2025-07-03T01:34:28.204Z", "user": 2, "content_type": 7, "object_id": "98", "object_repr": "Hiperextensiones en Mßquina", "action_flag": 1, "change_message": "[{\"added\": {}}]"}}, {"model": "admin.logentry", "pk": 103, "fields": {"action_time": "2025-07-03T01:34:53.268Z", "user": 2, "content_type": 7, "object_id": "99", "object_repr": "Jal¾n Abierto en Pronaci¾n en Polea Alta", "action_flag": 1, "change_message": "[{\"added\": {}}]"}}, {"model": "admin.logentry", "pk": 104, "fields": {"action_time": "2025-07-03T01:35:22.531Z", "user": 2, "content_type": 7, "object_id": "100", "object_repr": "Jal¾n Abierto en Supinaci¾n en Polea Alta", "action_flag": 1, "change_message": "[{\"added\": {}}]"}}, {"model": "admin.logentry", "pk": 105, "fields": {"action_time": "2025-07-03T01:35:52.705Z", "user": 2, "content_type": 7, "object_id": "101", "object_repr": "Jal¾n Aislado en Polea Alta", "action_flag": 1, "change_message": "[{\"added\": {}}]"}}, {"model": "admin.logentry", "pk": 106, "fields": {"action_time": "2025-07-03T01:37:22.605Z", "user": 2, "content_type": 7, "object_id": "102", "object_repr": "Jal¾n Cerrado con Cuerda en Polea Alta", "action_flag": 1, "change_message": "[{\"added\": {}}]"}}, {"model": "admin.logentry", "pk": 107, "fields": {"action_time": "2025-07-03T01:37:49.074Z", "user": 2, "content_type": 7, "object_id": "103", "object_repr": "Jal¾n Cerrado en Pronaci¾n en Polea Alta", "action_flag": 1, "change_message": "[{\"added\": {}}]"}}, {"model": "admin.logentry", "pk": 108, "fields": {"action_time": "2025-07-03T02:07:07.172Z", "user": 2, "content_type": 7, "object_id": "104", "object_repr": "Jal¾n Cerrado Neutro en Polea Alta", "action_flag": 1, "change_message": "[{\"added\": {}}]"}}, {"model": "admin.logentry", "pk": 109, "fields": {"action_time": "2025-07-03T02:08:12.992Z", "user": 2, "content_type": 7, "object_id": "105", "object_repr": "Jal¾n en Pronaci¾n en Mßquina", "action_flag": 1, "change_message": "[{\"added\": {}}]"}}, {"model": "admin.logentry", "pk": 110, "fields": {"action_time": "2025-07-03T02:11:59.374Z", "user": 2, "content_type": 7, "object_id": "106", "object_repr": "Jal¾n en Supinaci¾n en Polea Alta", "action_flag": 1, "change_message": "[{\"added\": {}}]"}}, {"model": "admin.logentry", "pk": 111, "fields": {"action_time": "2025-07-03T02:12:35.277Z", "user": 2, "content_type": 7, "object_id": "107", "object_repr": "Jal¾n Trasero Abierto en Pronaci¾n en Polea Alta", "action_flag": 1, "change_message": "[{\"added\": {}}]"}}, {"model": "admin.logentry", "pk": 112, "fields": {"action_time": "2025-07-03T02:13:00.695Z", "user": 2, "content_type": 7, "object_id": "108", "object_repr": "Pullover con Barra Z", "action_flag": 1, "change_message": "[{\"added\": {}}]"}}, {"model": "admin.logentry", "pk": 113, "fields": {"action_time": "2025-07-03T02:13:24.578Z", "user": 2, "content_type": 7, "object_id": "109", "object_repr": "Pullover con Mancuerna", "action_flag": 1, "change_message": "[{\"added\": {}}]"}}, {"model": "admin.logentry", "pk": 114, "fields": {"action_time": "2025-07-03T02:14:17.233Z", "user": 2, "content_type": 7, "object_id": "110", "object_repr": "Remo Aislado con Mancuerna", "action_flag": 1, "change_message": "[{\"added\": {}}]"}}, {"model": "admin.logentry", "pk": 115, "fields": {"action_time": "2025-07-03T02:14:59.359Z", "user": 2, "content_type": 7, "object_id": "111", "object_repr": "Remo Aislado en Pronaci¾n en Mßquina Smith", "action_flag": 1, "change_message": "[{\"added\": {}}]"}}, {"model": "admin.logentry", "pk": 116, "fields": {"action_time": "2025-07-03T02:44:52.390Z", "user": 2, "content_type": 7, "object_id": "112", "object_repr": "Remo Colgado en Pronaci¾n", "action_flag": 1, "change_message": "[{\"added\": {}}]"}}, {"model": "admin.logentry", "pk": 117, "fields": {"action_time": "2025-07-03T02:46:04.012Z", "user": 2, "content_type": 7, "object_id": "113", "object_repr": "Remo Cruzado en Polea Alta", "action_flag": 1, "change_message": "[{\"added\": {}}]"}}, {"model": "admin.logentry", "pk": 118, "fields": {"action_time": "2025-07-03T02:46:37.228Z", "user": 2, "content_type": 7, "object_id": "114", "object_repr": "Remo en Barra T en Pronaci¾n", "action_flag": 1, "change_message": "[{\"added\": {}}]"}}, {"model": "admin.logentry", "pk": 119, "fields": {"action_time": "2025-07-03T02:47:50.201Z", "user": 2, "content_type": 7, "object_id": "115", "object_repr": "Remo en Pronaci¾n con Barra", "action_flag": 1, "change_message": "[{\"added\": {}}]"}}, {"model": "admin.logentry", "pk": 120, "fields": {"action_time": "2025-07-03T02:48:12.294Z", "user": 2, "content_type": 7, "object_id": "116", "object_repr": "Remo en Pronaci¾n con Mancuernas", "action_flag": 1, "change_message": "[{\"added\": {}}]"}}, {"model": "admin.logentry", "pk": 121, "fields": {"action_time": "2025-07-03T02:48:39.551Z", "user": 2, "content_type": 7, "object_id": "117", "object_repr": "Remo en Supinaci¾n en Mßquina Smith", "action_flag": 1, "change_message": "[{\"added\": {}}]"}}, {"model": "admin.logentry", "pk": 122, "fields": {"action_time": "2025-07-03T02:49:01.502Z", "user": 2, "content_type": 7, "object_id": "118", "object_repr": "Remo Horizontal Abierto en Pronaci¾n en Polea", "action_flag": 1, "change_message": "[{\"added\": {}}]"}}, {"model": "admin.logentry", "pk": 123, "fields": {"action_time": "2025-07-03T02:49:45.112Z", "user": 2, "content_type": 7, "object_id": "119", "object_repr": "Remo Horizontal Cerrado en Pronaci¾n en Polea", "action_flag": 1, "change_message": "[{\"added\": {}}]"}}, {"model": "admin.logentry", "pk": 124, "fields": {"action_time": "2025-07-03T02:50:14.992Z", "user": 2, "content_type": 7, "object_id": "120", "object_repr": "Remo Horizontal Cerrado Neutro Amplio en Polea", "action_flag": 1, "change_message": "[{\"added\": {}}]"}}, {"model": "admin.logentry", "pk": 125, "fields": {"action_time": "2025-07-03T02:50:37.927Z", "user": 2, "content_type": 7, "object_id": "121", "object_repr": "Remo Horizontal Cerrado Neutro en Polea", "action_flag": 1, "change_message": "[{\"added\": {}}]"}}, {"model": "admin.logentry", "pk": 126, "fields": {"action_time": "2025-07-03T02:51:07.415Z", "user": 2, "content_type": 7, "object_id": "122", "object_repr": "Remo Superior en Pronaci¾n en Polea", "action_flag": 1, "change_message": "[{\"added\": {}}]"}}, {"model": "admin.logentry", "pk": 127, "fields": {"action_time": "2025-07-08T00:48:34.035Z", "user": 2, "content_type": 7, "object_id": "123", "object_repr": "Bicicleta Estßtica Deportiva", "action_flag": 1, "change_message": "[{\"added\": {}}]"}}, {"model": "admin.logentry", "pk": 128, "fields": {"action_time": "2025-07-08T00:49:01.938Z", "user": 2, "content_type": 7, "object_id": "124", "object_repr": "Bicicleta Estßtica Normal", "action_flag": 1, "change_message": "[{\"added\": {}}]"}}, {"model": "admin.logentry", "pk": 129, "fields": {"action_time": "2025-07-08T00:49:39.321Z", "user": 2, "content_type": 7, "object_id": "125", "object_repr": "Caminadora", "action_flag": 1, "change_message": "[{\"added\": {}}]"}}, {"model": "admin.logentry", "pk": 130, "fields": {"action_time": "2025-07-08T00:50:07.215Z", "user": 2, "content_type": 7, "object_id": "126", "object_repr": "Mßquina de Remo", "action_flag": 1, "change_message": "[{\"added\": {}}]"}}, {"model": "admin.logentry", "pk": 131, "fields": {"action_time": "2025-07-08T00:50:24.507Z", "user": 2, "content_type": 7, "object_id": "127", "object_repr": "Mßquina ElÝptica", "action_flag": 1, "change_message": "[{\"added\": {}}]"}}, {"model": "admin.logentry", "pk": 132, "fields": {"action_time": "2025-07-08T01:47:37.018Z", "user": 2, "content_type": 7, "object_id": "128", "object_repr": "Curl en Banco Scott en Pronaci¾n con Mancuerna", "action_flag": 1, "change_message": "[{\"added\": {}}]"}}, {"model": "admin.logentry", "pk": 133, "fields": {"action_time": "2025-07-08T01:48:23.055Z", "user": 2, "content_type": 7, "object_id": "129", "object_repr": "Curl en Martillo Alterno con Mancuernas", "action_flag": 1, "change_message": "[{\"added\": {}}]"}}, {"model": "admin.logentry", "pk": 134, "fields": {"action_time": "2025-07-08T01:49:23.929Z", "user": 2, "content_type": 7, "object_id": "130", "object_repr": "Curl en Pronaci¾n Abierto con Barra", "action_flag": 1, "change_message": "[{\"added\": {}}]"}}, {"model": "admin.logentry", "pk": 135, "fields": {"action_time": "2025-07-08T01:50:26.839Z", "user": 2, "content_type": 7, "object_id": "131", "object_repr": "Curl en Pronaci¾n con Barra Z", "action_flag": 1, "change_message": "[{\"added\": {}}]"}}, {"model": "admin.logentry", "pk": 136, "fields": {"action_time": "2025-07-08T01:50:53.683Z", "user": 2, "content_type": 7, "object_id": "132", "object_repr": "Curl en Pronaci¾n en banco Scott con Barra", "action_flag": 1, "change_message": "[{\"added\": {}}]"}}, {"model": "admin.logentry", "pk": 137, "fields": {"action_time": "2025-07-08T01:51:21.529Z", "user": 2, "content_type": 7, "object_id": "133", "object_repr": "Curl en Pronaci¾n en banco Scott con Barra Z", "action_flag": 1, "change_message": "[{\"added\": {}}]"}}, {"model": "admin.logentry", "pk": 138, "fields": {"action_time": "2025-07-08T01:51:44.191Z", "user": 2, "content_type": 7, "object_id": "134", "object_repr": "Curl en Supinaci¾n Abierto Con Barra", "action_flag": 1, "change_message": "[{\"added\": {}}]"}}, {"model": "admin.logentry", "pk": 139, "fields": {"action_time": "2025-07-08T01:52:16.880Z", "user": 2, "content_type": 7, "object_id": "135", "object_repr": "Curl en Supinaci¾n Abierto Con Barra Z", "action_flag": 1, "change_message": "[{\"added\": {}}]"}}, {"model": "admin.logentry", "pk": 140, "fields": {"action_time": "2025-07-08T01:53:08.004Z", "user": 2, "content_type": 7, "object_id": "136", "object_repr": "Curl en Supinaci¾n Aislado con Banda", "action_flag": 1, "change_message": "[{\"added\": {}}]"}}, {"model": "admin.logentry", "pk": 141, "fields": {"action_time": "2025-07-08T01:54:16.499Z", "user": 2, "content_type": 7, "object_id": "137", "object_repr": "Curl en Supinaci¾n Cerrado en banco Scott con Barra Z", "action_flag": 1, "change_message": "[{\"added\": {}}]"}}, {"model": "admin.logentry", "pk": 142, "fields": {"action_time": "2025-07-08T02:06:14.829Z", "user": 2, "content_type": 7, "object_id": "138", "object_repr": "Curl Horizontal con giro con Mancuernas", "action_flag": 1, "change_message": "[{\"added\": {}}]"}}, {"model": "admin.logentry", "pk": 143, "fields": {"action_time": "2025-07-08T02:06:36.593Z", "user": 2, "content_type": 7, "object_id": "139", "object_repr": "Curl Horizontal con Mancuernas", "action_flag": 1, "change_message": "[{\"added\": {}}]"}}, {"model": "admin.logentry", "pk": 144, "fields": {"action_time": "2025-07-08T02:06:58.553Z", "user": 2, "content_type": 7, "object_id": "140", "object_repr": "Curl Horizontal en Supinaci¾n con Mancuernas", "action_flag": 1, "change_message": "[{\"added\": {}}]"}}, {"model": "admin.logentry", "pk": 145, "fields": {"action_time": "2025-07-08T02:09:25.464Z", "user": 2, "content_type": 7, "object_id": "141", "object_repr": "Curl Inclinado Alterno en Supinaci¾n con Mancuernas", "action_flag": 1, "change_message": "[{\"added\": {}}]"}}, {"model": "admin.logentry", "pk": 146, "fields": {"action_time": "2025-07-08T02:10:01.627Z", "user": 2, "content_type": 7, "object_id": "142", "object_repr": "Curl Inclinado Lateral con Mancuernas", "action_flag": 1, "change_message": "[{\"added\": {}}]"}}, {"model": "admin.logentry", "pk": 147, "fields": {"action_time": "2025-07-08T02:10:25.938Z", "user": 2, "content_type": 7, "object_id": "143", "object_repr": "Curl Lateral con Mancuernas", "action_flag": 1, "change_message": "[{\"added\": {}}]"}}, {"model": "admin.logentry", "pk": 148, "fields": {"action_time": "2025-07-08T02:10:59.239Z", "user": 2, "content_type": 7, "object_id": "144", "object_repr": "Curl Spider en Supinaci¾n con Barra", "action_flag": 1, "change_message": "[{\"added\": {}}]"}}, {"model": "admin.logentry", "pk": 149, "fields": {"action_time": "2025-07-08T02:11:34.358Z", "user": 2, "content_type": 7, "object_id": "145", "object_repr": "Curl Spider en Supinaci¾n con Barra Z", "action_flag": 1, "change_message": "[{\"added\": {}}]"}}, {"model": "admin.logentry", "pk": 150, "fields": {"action_time": "2025-07-08T20:52:30.805Z", "user": 2, "content_type": 7, "object_id": "146", "object_repr": "Press Militar en Pronaci¾n en Mßquina", "action_flag": 1, "change_message": "[{\"added\": {}}]"}}, {"model": "admin.logentry", "pk": 151, "fields": {"action_time": "2025-07-08T20:52:58.896Z", "user": 2, "content_type": 7, "object_id": "147", "object_repr": "Press Militar Inclinado en Pronaci¾n en Mßquina", "action_flag": 1, "change_message": "[{\"added\": {}}]"}}, {"model": "admin.logentry", "pk": 152, "fields": {"action_time": "2025-07-08T20:53:22.354Z", "user": 2, "content_type": 7, "object_id": "148", "object_repr": "Press Militar Inclinado Neutro en Mßquina", "action_flag": 1, "change_message": "[{\"added\": {}}]"}}, {"model": "admin.logentry", "pk": 153, "fields": {"action_time": "2025-07-08T20:53:53.451Z", "user": 2, "content_type": 7, "object_id": "149", "object_repr": "Press Militar Abierto con Barra", "action_flag": 1, "change_message": "[{\"added\": {}}]"}}, {"model": "admin.logentry", "pk": 154, "fields": {"action_time": "2025-07-08T20:55:39.995Z", "user": 2, "content_type": 7, "object_id": "150", "object_repr": "Aperturas Traseras Neutras en Mßquina", "action_flag": 1, "change_message": "[{\"added\": {}}]"}}, {"model": "admin.logentry", "pk": 155, "fields": {"action_time": "2025-07-08T20:56:16.643Z", "user": 2, "content_type": 7, "object_id": "151", "object_repr": "Aperturas Traseras en Pronaci¾n en Mßquina", "action_flag": 1, "change_message": "[{\"added\": {}}]"}}, {"model": "admin.logentry", "pk": 156, "fields": {"action_time": "2025-07-08T20:56:50.896Z", "user": 2, "content_type": 7, "object_id": "152", "object_repr": "Elevaciones Frontales Declinadas en Pronaci¾n con Mancuernas", "action_flag": 1, "change_message": "[{\"added\": {}}]"}}, {"model": "admin.logentry", "pk": 157, "fields": {"action_time": "2025-07-08T20:57:44.207Z", "user": 2, "content_type": 7, "object_id": "153", "object_repr": "Pßjaros Aislados en Polea", "action_flag": 1, "change_message": "[{\"added\": {}}]"}}, {"model": "admin.logentry", "pk": 158, "fields": {"action_time": "2025-07-08T20:58:17.480Z", "user": 2, "content_type": 7, "object_id": "154", "object_repr": "Pßjaros de pie con Mancuernas", "action_flag": 1, "change_message": "[{\"added\": {}}]"}}, {"model": "admin.logentry", "pk": 159, "fields": {"action_time": "2025-07-08T20:58:44.916Z", "user": 2, "content_type": 7, "object_id": "155", "object_repr": "Remo al ment¾n Cerrado con Barra Z", "action_flag": 1, "change_message": "[{\"added\": {}}]"}}, {"model": "admin.logentry", "pk": 160, "fields": {"action_time": "2025-07-08T20:59:05.855Z", "user": 2, "content_type": 7, "object_id": "156", "object_repr": "Remo al ment¾n con Barra", "action_flag": 1, "change_message": "[{\"added\": {}}]"}}, {"model": "admin.logentry", "pk": 161, "fields": {"action_time": "2025-07-08T20:59:44.477Z", "user": 2, "content_type": 7, "object_id": "157", "object_repr": "Remo al ment¾n en Polea", "action_flag": 1, "change_message": "[{\"added\": {}}]"}}, {"model": "admin.logentry", "pk": 162, "fields": {"action_time": "2025-07-08T21:00:09.048Z", "user": 2, "content_type": 7, "object_id": "158", "object_repr": "Remo Superior Aislado con Mancuerna", "action_flag": 1, "change_message": "[{\"added\": {}}]"}}, {"model": "admin.logentry", "pk": 163, "fields": {"action_time": "2025-07-08T21:00:33.356Z", "user": 2, "content_type": 7, "object_id": "159", "object_repr": "Remo Superior con Bandas", "action_flag": 1, "change_message": "[{\"added\": {}}]"}}, {"model": "admin.logentry", "pk": 164, "fields": {"action_time": "2025-07-10T16:14:04.015Z", "user": 2, "content_type": 7, "object_id": "159", "object_repr": "Remo Superior con Bandas", "action_flag": 2, "change_message": "[]"}}, {"model": "auth.permission", "pk": 1, "fields": {"name": "Can add log entry", "content_type": 1, "codename": "add_logentry"}}, {"model": "auth.permission", "pk": 2, "fields": {"name": "Can change log entry", "content_type": 1, "codename": "change_logentry"}}, {"model": "auth.permission", "pk": 3, "fields": {"name": "Can delete log entry", "content_type": 1, "codename": "delete_logentry"}}, {"model": "auth.permission", "pk": 4, "fields": {"name": "Can view log entry", "content_type": 1, "codename": "view_logentry"}}, {"model": "auth.permission", "pk": 5, "fields": {"name": "Can add permission", "content_type": 2, "codename": "add_permission"}}, {"model": "auth.permission", "pk": 6, "fields": {"name": "Can change permission", "content_type": 2, "codename": "change_permission"}}, {"model": "auth.permission", "pk": 7, "fields": {"name": "Can delete permission", "content_type": 2, "codename": "delete_permission"}}, {"model": "auth.permission", "pk": 8, "fields": {"name": "Can view permission", "content_type": 2, "codename": "view_permission"}}, {"model": "auth.permission", "pk": 9, "fields": {"name": "Can add group", "content_type": 3, "codename": "add_group"}}, {"model": "auth.permission", "pk": 10, "fields": {"name": "Can change group", "content_type": 3, "codename": "change_group"}}, {"model": "auth.permission", "pk": 11, "fields": {"name": "Can delete group", "content_type": 3, "codename": "delete_group"}}, {"model": "auth.permission", "pk": 12, "fields": {"name": "Can view group", "content_type": 3, "codename": "view_group"}}, {"model": "auth.permission", "pk": 13, "fields": {"name": "Can add user", "content_type": 4, "codename": "add_user"}}, {"model": "auth.permission", "pk": 14, "fields": {"name": "Can change user", "content_type": 4, "codename": "change_user"}}, {"model": "auth.permission", "pk": 15, "fields": {"name": "Can delete user", "content_type": 4, "codename": "delete_user"}}, {"model": "auth.permission", "pk": 16, "fields": {"name": "Can view user", "content_type": 4, "codename": "view_user"}}, {"model": "auth.permission", "pk": 17, "fields": {"name": "Can add content type", "content_type": 5, "codename": "add_contenttype"}}, {"model": "auth.permission", "pk": 18, "fields": {"name": "Can change content type", "content_type": 5, "codename": "change_contenttype"}}, {"model": "auth.permission", "pk": 19, "fields": {"name": "Can delete content type", "content_type": 5, "codename": "delete_contenttype"}}, {"model": "auth.permission", "pk": 20, "fields": {"name": "Can view content type", "content_type": 5, "codename": "view_contenttype"}}, {"model": "auth.permission", "pk": 21, "fields": {"name": "Can add session", "content_type": 6, "codename": "add_session"}}, {"model": "auth.permission", "pk": 22, "fields": {"name": "Can change session", "content_type": 6, "codename": "change_session"}}, {"model": "auth.permission", "pk": 23, "fields": {"name": "Can delete session", "content_type": 6, "codename": "delete_session"}}, {"model": "auth.permission", "pk": 24, "fields": {"name": "Can view session", "content_type": 6, "codename": "view_session"}}, {"model": "auth.permission", "pk": 25, "fields": {"name": "Can add ejercicio", "content_type": 7, "codename": "add_ejercicio"}}, {"model": "auth.permission", "pk": 26, "fields": {"name": "Can change ejercicio", "content_type": 7, "codename": "change_ejercicio"}}, {"model": "auth.permission", "pk": 27, "fields": {"name": "Can delete ejercicio", "content_type": 7, "codename": "delete_ejercicio"}}, {"model": "auth.permission", "pk": 28, "fields": {"name": "Can view ejercicio", "content_type": 7, "codename": "view_ejercicio"}}, {"model": "auth.permission", "pk": 29, "fields": {"name": "Can add cliente", "content_type": 8, "codename": "add_cliente"}}, {"model": "auth.permission", "pk": 30, "fields": {"name": "Can change cliente", "content_type": 8, "codename": "change_cliente"}}, {"model": "auth.permission", "pk": 31, "fields": {"name": "Can delete cliente", "content_type": 8, "codename": "delete_cliente"}}, {"model": "auth.permission", "pk": 32, "fields": {"name": "Can view cliente", "content_type": 8, "codename": "view_cliente"}}, {"model": "auth.permission", "pk": 33, "fields": {"name": "Can add rutina", "content_type": 9, "codename": "add_rutina"}}, {"model": "auth.permission", "pk": 34, "fields": {"name": "Can change rutina", "content_type": 9, "codename": "change_rutina"}}, {"model": "auth.permission", "pk": 35, "fields": {"name": "Can delete rutina", "content_type": 9, "codename": "delete_rutina"}}, {"model": "auth.permission", "pk": 36, "fields": {"name": "Can view rutina", "content_type": 9, "codename": "view_rutina"}}, {"model": "auth.permission", "pk": 37, "fields": {"name": "Can add rutina asignada", "content_type": 10, "codename": "add_rutinaasignada"}}, {"model": "auth.permission", "pk": 38, "fields": {"name": "Can change rutina asignada", "content_type": 10, "codename": "change_rutinaasignada"}}, {"model": "auth.permission", "pk": 39, "fields": {"name": "Can delete rutina asignada", "content_type": 10, "codename": "delete_rutinaasignada"}}, {"model": "auth.permission", "pk": 40, "fields": {"name": "Can view rutina asignada", "content_type": 10, "codename": "view_rutinaasignada"}}, {"model": "auth.permission", "pk": 41, "fields": {"name": "Can add notification", "content_type": 11, "codename": "add_notification"}}, {"model": "auth.permission", "pk": 42, "fields": {"name": "Can change notification", "content_type": 11, "codename": "change_notification"}}, {"model": "auth.permission", "pk": 43, "fields": {"name": "Can delete notification", "content_type": 11, "codename": "delete_notification"}}, {"model": "auth.permission", "pk": 44, "fields": {"name": "Can view notification", "content_type": 11, "codename": "view_notification"}}, {"model": "auth.user", "pk": 1, "fields": {"password": "pbkdf2_sha256$870000$bSW3K2ExoVmjGv7udYsy4g$TpbQX5wk6KVHzF4d8izUbN5+zPO9OY3SaubpcU2auRM=", "last_login": "2025-07-08T01:45:55.403Z", "is_superuser": false, "username": "erozabrandon@gmail.com", "first_name": "", "last_name": "", "email": "", "is_staff": false, "is_active": true, "date_joined": "2025-06-09T03:22:24.052Z", "groups": [], "user_permissions": []}}, {"model": "auth.user", "pk": 2, "fields": {"password": "pbkdf2_sha256$870000$FifUDnGe1gKFSC9aBtGwGo$dBvxQMV73yWpmRVBg7e6GKD+ioXdTcr0UIraISC4RKg=", "last_login": "2025-07-08T01:47:10.386Z", "is_superuser": true, "username": "eroza", "first_name": "", "last_name": "", "email": "erozabrandon@gmail.com", "is_staff": true, "is_active": true, "date_joined": "2025-06-10T02:11:54.919Z", "groups": [], "user_permissions": []}}, {"model": "auth.user", "pk": 3, "fields": {"password": "pbkdf2_sha256$870000$lRuMdqQiES2lcwxFNM1DvQ$nObkJkxrMwFWHrfvVZhN1zX54zqa/zQAnkoRowFNsA4=", "last_login": "2025-06-20T04:32:26.366Z", "is_superuser": false, "username": "patatas34@", "first_name": "", "last_name": "", "email": "", "is_staff": false, "is_active": true, "date_joined": "2025-06-20T04:25:28.046Z", "groups": [], "user_permissions": []}}, {"model": "auth.user", "pk": 4, "fields": {"password": "pbkdf2_sha256$870000$YQMkHiSHMFdqUaK1G8WEIp$YWYXe35jQEUppSj9+ukz3K78vm6Nr2e5ED/xVYWtJXw=", "last_login": "2025-06-24T04:06:33.970Z", "is_superuser": false, "username": "Brandon Enrique", "first_name": "", "last_name": "", "email": "", "is_staff": false, "is_active": true, "date_joined": "2025-06-24T04:03:52.293Z", "groups": [], "user_permissions": []}}, {"model": "auth.user", "pk": 5, "fields": {"password": "pbkdf2_sha256$870000$UXpf782E6ybz5LApt6rYDu$FwviSAix1zyweHjPeWdY+W5Tq8X7wUzrKd6MYF1JFHE=", "last_login": "2025-06-25T00:57:51.336Z", "is_superuser": false, "username": "eroza patata", "first_name": "", "last_name": "", "email": "", "is_staff": false, "is_active": true, "date_joined": "2025-06-24T04:12:17.813Z", "groups": [], "user_permissions": []}}, {"model": "auth.user", "pk": 6, "fields": {"password": "pbkdf2_sha256$870000$LPWn8z0aOy6as8uG1ptsTE$Yjd0ADxX7hf7xQnkyAKHjQsfIKbEXJZFqkTxqkjD/VI=", "last_login": "2025-07-05T05:06:33.911Z", "is_superuser": false, "username": "brandon patata", "first_name": "", "last_name": "", "email": "", "is_staff": false, "is_active": true, "date_joined": "2025-06-25T00:59:02.339Z", "groups": [], "user_permissions": []}}, {"model": "auth.user", "pk": 7, "fields": {"password": "pbkdf2_sha256$870000$vZKp8LAznTR6nYRm84DGsH$Pxw4X/T6WyG9vY20XmCR/E8bX/djBMfPZSw2PF7eF2g=", "last_login": "2025-07-05T18:40:05.227Z", "is_superuser": false, "username": "Brandon 2", "first_name": "", "last_name": "", "email": "", "is_staff": false, "is_active": true, "date_joined": "2025-07-05T03:40:37.395Z", "groups": [], "user_permissions": []}}, {"model": "auth.user", "pk": 8, "fields": {"password": "pbkdf2_sha256$870000$RD1ErCpa7bqvNpCtIFQTe9$ftzbmMc3StslsDjHLzWWZ8rvmqafJhZChSqZFgbrgk8=", "last_login": null, "is_superuser": false, "username": "sif", "first_name": "", "last_name": "", "email": "", "is_staff": false, "is_active": true, "date_joined": "2025-07-07T21:55:59.507Z", "groups": [], "user_permissions": []}}, {"model": "contenttypes.contenttype", "pk": 1, "fields": {"app_label": "admin", "model": "logentry"}}, {"model": "contenttypes.contenttype", "pk": 2, "fields": {"app_label": "auth", "model": "permission"}}, {"model": "contenttypes.contenttype", "pk": 3, "fields": {"app_label": "auth", "model": "group"}}, {"model": "contenttypes.contenttype", "pk": 4, "fields": {"app_label": "auth", "model": "user"}}, {"model": "contenttypes.contenttype", "pk": 5, "fields": {"app_label": "contenttypes", "model": "contenttype"}}, {"model": "contenttypes.contenttype", "pk": 6, "fields": {"app_label": "sessions", "model": "session"}}, {"model": "contenttypes.contenttype", "pk": 7, "fields": {"app_label": "usuarios", "model": "ejercicio"}}, {"model": "contenttypes.contenttype", "pk": 8, "fields": {"app_label": "usuarios", "model": "cliente"}}, {"model": "contenttypes.contenttype", "pk": 9, "fields": {"app_label": "usuarios", "model": "rutina"}}, {"model": "contenttypes.contenttype", "pk": 10, "fields": {"app_label": "usuarios", "model": "rutinaasignada"}}, {"model": "contenttypes.contenttype", "pk": 11, "fields": {"app_label": "usuarios", "model": "notification"}}, {"model": "sessions.session", "pk": "5id8w0ur9vxbjobx71zl50atvdxeui9q", "fields": {"session_data": ".eJxVjMEOwiAQRP-FsyGhgMt69O43EJbdStVAUtqT8d9tkx70NMm8N_NWMa1LiWuXOU6sLsqo029HKT-l7oAfqd6bzq0u80R6V_RBu741ltf1cP8OSuplW2dEBp_NiGPGEFwYCNCSZ3bGEbIkwIQoVsBv6XxmhLN4cMCWaFCfL-2DOBU:1uXvEk:oCu0P1c16M5FQICc5os3XhUZtW5kY82hIbmTWHfFpkI", "expire_date": "2025-07-19T05:14:54.630Z"}}, {"model": "sessions.session", "pk": "pmx1kynip7lg9voqi292f6tfue9sobnh", "fields": {"session_data": "e30:1uTudl:0zLqahBZPzX1hoIDq-zLa68Cg6PRS9L8lIfBhAob8lM", "expire_date": "2025-07-08T03:48:09.757Z"}}, {"model": "sessions.session", "pk": "qree9p2o2dtn6yhjt1xpv33lan2ooxct", "fields": {"session_data": "e30:1uUESV:kgh5c5lOzv72FZTASuLaadPKdRP3z-xaQ5-ORNXZoD0", "expire_date": "2025-07-09T00:57:51.332Z"}}, {"model": "sessions.session", "pk": "v7p3h2d30g44dzwvg8u6lqr5crbpc2y8", "fields": {"session_data": ".eJxVjEEOwiAQAP_C2RCEQliP3n0D2V0WqRqalPZk_Lsh6UGvM5N5q4T7VtPeZU1zVhcV1OmXEfJT2hD5ge2-aF7ats6kR6IP2_VtyfK6Hu3foGKvYxtkOotxjGRLiSKUOQMSFM8GOEzGRYTowAXvI2VnwQcCi8Zw5FLU5wsHpzh3:1uUHX9:k9mHBdvd2bnyqX3G0NqsC6xHhopi5FDYaq-Q6_67Nh8", "expire_date": "2025-07-09T04:14:51.796Z"}}, {"model": "sessions.session", "pk": "wpplzwnrb6y21eaa9yh7gv9dv0k3ihwa", "fields": {"session_data": ".eJxVjDsOwjAQBe_iGlmOf7Ep6TmDtd714gBypDipEHeHSCmgfTPzXiLBtta09bKkicRZaHH63TLgo7Qd0B3abZY4t3WZstwVedAurzOV5-Vw_w4q9PqtFYRIDgfDxVMxHtB4p4DAWoVjZBWIKdqBPGfDrEYi1BAAlYOMrMX7AwUAOUU:1uYxQM:Z_pYK90MRY4wHddWFfNKnB7_LHZjNEFNljm4qn4sd4U", "expire_date": "2025-07-22T01:47:10.388Z"}}, {"model": "sessions.session", "pk": "wz37fgq9gn1jikxdyyolrhopgk38o315", "fields": {"session_data": "e30:1uTueF:IdueT2fv5M3xTtrtQuV-2iKp1U-H_1xR13dbVqAqbcE", "expire_date": "2025-07-08T03:48:39.372Z"}}, {"model": "sessions.session", "pk": "y6rfhfvct3xy6tjgggqnszd1sbjrr4tj", "fields": {"session_data": "e30:1uUEUT:Prs-RsBQB_i3PxNSO7LOXrrmSZixhG_EfAgfH0sEruY", "expire_date": "2025-07-09T00:59:53.408Z"}}, {"model": "usuarios.ejercicio", "pk": 2, "fields": {"nombre": "Crunch cruzado", "musculo": "Abdomen", "equipamiento": "Ninguno", "gif_url": "https://fitcron.com/wp-content/uploads/2024/05/02621301-Cross-Body-Crunch_waist_720.gif"}}, {"model": "usuarios.ejercicio", "pk": 3, "fields": {"nombre": "Crunch superior", "musculo": "Abdomen", "equipamiento": "Ninguno", "gif_url": "https://fitcron.com/wp-content/uploads/2024/05/36791301-Sit-up-with-Arms-on-Chest_Waist_720.gif"}}, {"model": "usuarios.ejercicio", "pk": 4, "fields": {"nombre": "Crunch inferior cruzado", "musculo": "Abdomen", "equipamiento": "Ninguno", "gif_url": "https://fitcron.com/wp-content/uploads/2024/05/04431301-Elbow-to-Knee_waist_720.gif"}}, {"model": "usuarios.ejercicio", "pk": 5, "fields": {"nombre": "Plancha", "musculo": "Abdomen", "equipamiento": "Ninguno", "gif_url": "https://fitcron.com/wp-content/uploads/2021/04/04631301-Front-Plank_waist-FIX_720.gif"}}, {"model": "usuarios.ejercicio", "pk": 6, "fields": {"nombre": "Crunch doble vertical en mßquina", "musculo": "Abdomen", "equipamiento": "Mßquina", "gif_url": "https://fitcron.com/wp-content/uploads/2021/04/18571301-Lever-Total-Abdominal-Crunch_Waist_720.gif"}}, {"model": "usuarios.ejercicio", "pk": 7, "fields": {"nombre": "Curl en supinaci¾n en mßquina", "musculo": "BÝceps", "equipamiento": "Mßquina", "gif_url": "https://fitcron.com/wp-content/uploads/2021/04/16141301-Lever-Preacher-Curl-version-2_Upper-Arms_720.gif"}}, {"model": "usuarios.ejercicio", "pk": 8, "fields": {"nombre": "Curl aislado neutro con mancuernas\"", "musculo": "BÝceps", "equipamiento": "Mancuernas", "gif_url": "https://fitcron.com/wp-content/uploads/2021/04/16711301-Dumbbell-One-Arm-Standing-Hammer-Curl_Upper-Arms_720.gif"}}, {"model": "usuarios.ejercicio", "pk": 9, "fields": {"nombre": "Curl con giro alterno con mancuernas", "musculo": "BÝceps", "equipamiento": "Mancuernas", "gif_url": "https://fitcron.com/wp-content/uploads/2021/04/02851301-Dumbbell-Alternate-Biceps-Curl_Upper-Arms_720.gif"}}, {"model": "usuarios.ejercicio", "pk": 10, "fields": {"nombre": "Curl concentrado con mancuernas", "musculo": "BÝceps", "equipamiento": "Mancuernas", "gif_url": "https://fitcron.com/wp-content/uploads/2021/04/04031301-Dumbbell-Seated-Revers-grip-Concentration-Curl_Forearms_720.gif"}}, {"model": "usuarios.ejercicio", "pk": 11, "fields": {"nombre": "Jal¾n en pronaci¾n en mßquina", "musculo": "BÝceps", "equipamiento": "Mßquina", "gif_url": "https://fitcron.com/wp-content/uploads/2021/04/05791301-Lever-Front-Pulldown_Back_720.gif"}}, {"model": "usuarios.ejercicio", "pk": 12, "fields": {"nombre": "Remo aislado en mßquina smith", "musculo": "BÝceps", "equipamiento": "Mßquina", "gif_url": "https://fitcron.com/wp-content/uploads/2021/04/13601301-Smith-One-Arm-Row_Back_720.gif"}}, {"model": "usuarios.ejercicio", "pk": 13, "fields": {"nombre": "Remo en barra T", "musculo": "BÝceps", "equipamiento": "Mßquina", "gif_url": "https://fitcron.com/wp-content/uploads/2021/04/11941301-Lever-Lying-T-bar-Row_Back_720.gif"}}, {"model": "usuarios.ejercicio", "pk": 14, "fields": {"nombre": "Remo horizontal en mßquina", "musculo": "BÝceps", "equipamiento": "Mßquina", "gif_url": "https://fitcron.com/wp-content/uploads/2021/04/13501301-Lever-Seated-Row_Back_720.gif"}}, {"model": "usuarios.ejercicio", "pk": 15, "fields": {"nombre": "Curl aislado en polea", "musculo": "BÝceps", "equipamiento": "Polea", "gif_url": "https://fitcron.com/wp-content/uploads/2021/04/14131301-Cable-Reverse-One-Arm-Curl_Forearms_720.gif"}}, {"model": "usuarios.ejercicio", "pk": 16, "fields": {"nombre": "Curl en martillo en polea", "musculo": "BÝceps", "equipamiento": "Polea", "gif_url": "https://fitcron.com/wp-content/uploads/2021/04/02321301-Cable-Standing-Pulldown-with-rope_Forearms_720.gif"}}, {"model": "usuarios.ejercicio", "pk": 17, "fields": {"nombre": "Curl en martillo en polea baja", "musculo": "BÝceps", "equipamiento": "Polea", "gif_url": "https://fitcron.com/wp-content/uploads/2021/04/01651301-Cable-Hammer-Curl-with-rope-m_Forearms_720.gif"}}, {"model": "usuarios.ejercicio", "pk": 18, "fields": {"nombre": "Curl aislado en supinaci¾n con mancuerna", "musculo": "BÝceps", "equipamiento": "Mancuernas", "gif_url": "https://fitcron.com/wp-content/uploads/2021/04/16701301-Dumbbell-One-Arm-Standing-Curl_Upper-Arms_720.gif"}}, {"model": "usuarios.ejercicio", "pk": 19, "fields": {"nombre": "Hip thrust aislado con barra", "musculo": "Piernas", "equipamiento": "Barra larga", "gif_url": "https://fitcron.com/wp-content/uploads/2021/04/10611301-Barbell-one-leg-hip-thrust_Hips_720.gif"}}, {"model": "usuarios.ejercicio", "pk": 20, "fields": {"nombre": "Extensi¾n de gemelos sentado en mßquina", "musculo": "Piernas", "equipamiento": "Mßquina", "gif_url": "https://fitcron.com/wp-content/uploads/2021/04/26661301-Lever-Seated-Calf-Raise-plate-loaded-VERSION-2_Calves_720.gif"}}, {"model": "usuarios.ejercicio", "pk": 21, "fields": {"nombre": "Extensi¾n frontal en mßquina", "musculo": "Piernas", "equipamiento": "Mßquina", "gif_url": "https://fitcron.com/wp-content/uploads/2021/04/10361301-Lever-Standing-Leg-Raise_Hips_720.gif"}}, {"model": "usuarios.ejercicio", "pk": 22, "fields": {"nombre": "Extensi¾n Trasera en mßquina", "musculo": "Piernas", "equipamiento": "Mßquina", "gif_url": "https://fitcron.com/wp-content/uploads/2021/04/10371301-Lever-Standing-Rear-Kick_Hips_720.gif"}}, {"model": "usuarios.ejercicio", "pk": 23, "fields": {"nombre": "Prensa Inclinada", "musculo": "Piernas", "equipamiento": "Mßquina", "gif_url": "https://fitcron.com/wp-content/uploads/2021/04/07401301-Sled-45%C2%B0-Leg-Wide-Press_Thighs_720.gif"}}, {"model": "usuarios.ejercicio", "pk": 24, "fields": {"nombre": "Prensa inclinada cerrada", "musculo": "Piernas", "equipamiento": "Mßquina", "gif_url": "https://fitcron.com/wp-content/uploads/2021/04/15751301-Sled-45%C2%B0-Narrow-Stance-Leg-Press_Thighs_720.gif"}}, {"model": "usuarios.ejercicio", "pk": 25, "fields": {"nombre": "Sentadilla cerrada inclinada en mßquina", "musculo": "Piernas", "equipamiento": "Mßquina", "gif_url": "https://fitcron.com/wp-content/uploads/2021/04/19921301-Sled-Full-Hack-Squat_Thighs_720.gif"}}, {"model": "usuarios.ejercicio", "pk": 26, "fields": {"nombre": "Aductor externo en polea", "musculo": "Piernas", "equipamiento": "Polea", "gif_url": "https://fitcron.com/wp-content/uploads/2021/04/30481301-Cable-hip-abduction-version-2-male_Hips_720.gif"}}, {"model": "usuarios.ejercicio", "pk": 27, "fields": {"nombre": "Hip thrust inclinado con barra", "musculo": "Piernas", "equipamiento": "Barra larga", "gif_url": "https://fitcron.com/wp-content/uploads/2021/04/10601301-Barbell-Hip-Thrust_Hips_720.gif"}}, {"model": "usuarios.ejercicio", "pk": 28, "fields": {"nombre": "Aductor externo aislado con mßquina", "musculo": "Piernas", "equipamiento": "Mßquina", "gif_url": "https://fitcron.com/wp-content/uploads/2021/04/10341301-Lever-Side-Hip-Abduction_Hips_720.gif"}}, {"model": "usuarios.ejercicio", "pk": 29, "fields": {"nombre": "Aductor externo en mßquina", "musculo": "Piernas", "equipamiento": "Mßquina", "gif_url": "https://fitcron.com/wp-content/uploads/2021/04/05971301-Lever-Seated-Hip-Abduction_Hips-FIX_720.gif"}}, {"model": "usuarios.ejercicio", "pk": 30, "fields": {"nombre": "Aductor interno aislado con mßquina", "musculo": "Piernas", "equipamiento": "Mßquina", "gif_url": "https://fitcron.com/wp-content/uploads/2021/04/10351301-Lever-Side-Hip-Adduction_Hips_720.gif"}}, {"model": "usuarios.ejercicio", "pk": 31, "fields": {"nombre": "Aductor interno en mßquina", "musculo": "Piernas", "equipamiento": "Mßquina", "gif_url": "https://fitcron.com/wp-content/uploads/2021/04/05981301-Lever-Seated-Hip-Adduction_Thighs_720.gif"}}, {"model": "usuarios.ejercicio", "pk": 32, "fields": {"nombre": "Curl femoral horizontal en mßquina", "musculo": "Piernas", "equipamiento": "Mßquina", "gif_url": "https://fitcron.com/wp-content/uploads/2021/04/05861301-Lever-Lying-Leg-Curl_Thighs_720.gif"}}, {"model": "usuarios.ejercicio", "pk": 33, "fields": {"nombre": "Curl femoral vertical en mßquina", "musculo": "Piernas", "equipamiento": "Mßquina", "gif_url": "https://fitcron.com/wp-content/uploads/2021/04/05991301-Lever-Seated-Leg-Curl_Thighs-FIX_720.gif"}}, {"model": "usuarios.ejercicio", "pk": 34, "fields": {"nombre": "Extension de cußdriceps en mßquina", "musculo": "Piernas", "equipamiento": "Mßquina", "gif_url": "https://fitcron.com/wp-content/uploads/2021/04/05851301-Lever-Leg-Extension_Thighs_720.gif"}}, {"model": "usuarios.ejercicio", "pk": 35, "fields": {"nombre": "Curl femoral vertical en polea", "musculo": "Piernas", "equipamiento": "Polea", "gif_url": "https://fitcron.com/wp-content/uploads/2021/04/15471301-Cable-Standing-Leg-Curl_Thighs_720.gif"}}, {"model": "usuarios.ejercicio", "pk": 36, "fields": {"nombre": "Extensiones Cruzadas en Polea", "musculo": "TrÝceps", "equipamiento": "Polea", "gif_url": "https://fitcron.com/wp-content/uploads/2021/04/37191301-Cable-Standing-High-Cross-Triceps-Extension_Upper-Arms_720.gif"}}, {"model": "usuarios.ejercicio", "pk": 37, "fields": {"nombre": "Extensiones Concentradas en Polea Alta", "musculo": "TrÝceps", "equipamiento": "Polea", "gif_url": "https://fitcron.com/wp-content/uploads/2021/04/01761301-Cable-Kneeling-Triceps-Extension_Upper-Arms_720.gif"}}, {"model": "usuarios.ejercicio", "pk": 38, "fields": {"nombre": "Extensiones en caÝda libre", "musculo": "TrÝceps", "equipamiento": "Polea", "gif_url": "https://fitcron.com/wp-content/uploads/2021/03/08161301-Triceps-Press_Upper-Arms_720.gif"}}, {"model": "usuarios.ejercicio", "pk": 39, "fields": {"nombre": "Extensiones en Pronaci¾n en Mßquina", "musculo": "TrÝceps", "equipamiento": "Polea", "gif_url": "https://fitcron.com/wp-content/uploads/2021/03/06071301-Lever-Triceps-Extension_Upper-Arms_720.gif"}}, {"model": "usuarios.ejercicio", "pk": 40, "fields": {"nombre": "Extensiones horizontales internas con mancuernas", "musculo": "TrÝceps", "equipamiento": "Mancuernas", "gif_url": "https://fitcron.com/wp-content/uploads/2021/04/04361301-Dumbbell-Tate-Press_Triceps_720.gif"}}, {"model": "usuarios.ejercicio", "pk": 41, "fields": {"nombre": "Extensiones inclinadas con mancuernas tricpes", "musculo": "TrÝceps", "equipamiento": "Mancuernas", "gif_url": "https://fitcron.com/wp-content/uploads/2021/04/03301301-Dumbbell-Incline-Triceps-Extension_Upper-Arms_720.gif"}}, {"model": "usuarios.ejercicio", "pk": 42, "fields": {"nombre": "Extensi¾n Concentrada en Polea Alta", "musculo": "TrÝceps", "equipamiento": "Polea", "gif_url": "https://fitcron.com/wp-content/uploads/2021/04/01521301-Cable-Concentration-Extension-on-knee_Upper-Arms_720.gif"}}, {"model": "usuarios.ejercicio", "pk": 43, "fields": {"nombre": "Extensi¾n Concentrada en Polea Baja", "musculo": "TrÝceps", "equipamiento": "Polea", "gif_url": "https://fitcron.com/wp-content/uploads/2021/04/01491301-Cable-Alternate-Triceps-Extension_Upper-Arms_720.gif"}}, {"model": "usuarios.ejercicio", "pk": 44, "fields": {"nombre": "Extensi¾n Declinada con Mancuernas", "musculo": "TrÝceps", "equipamiento": "Mancuernas", "gif_url": "https://fitcron.com/wp-content/uploads/2021/04/03061301-Dumbbell-Decline-Triceps-Extension_Upper-Arms_720.gif"}}, {"model": "usuarios.ejercicio", "pk": 45, "fields": {"nombre": "Extensi¾n Frontal Aislada en Polea Alta", "musculo": "TrÝceps", "equipamiento": "Polea", "gif_url": "https://fitcron.com/wp-content/uploads/2021/04/33531301-Cable-One-Arm-High-Pulley-Overhead-Tricep-Extension_Upper-Arms_720.gif"}}, {"model": "usuarios.ejercicio", "pk": 46, "fields": {"nombre": "Extensi¾n hacia abajo con Bandas", "musculo": "TrÝceps", "equipamiento": "Polea", "gif_url": "https://fitcron.com/wp-content/uploads/2021/04/15021301-Band-Pushdown-Male_Upper-Arms_720.gif"}}, {"model": "usuarios.ejercicio", "pk": 47, "fields": {"nombre": "Extensi¾n Horizontal con Barra", "musculo": "TrÝceps", "equipamiento": "Barra larga", "gif_url": "https://fitcron.com/wp-content/uploads/2021/03/17201301-Barbell-Lying-Back-of-the-Head-Tricep-Extension_Upper-Arms_720.gif"}}, {"model": "usuarios.ejercicio", "pk": 48, "fields": {"nombre": "Extensi¾n Horizontal en Martillo en Polea Alta", "musculo": "TrÝceps", "equipamiento": "Polea", "gif_url": "https://fitcron.com/wp-content/uploads/2021/04/17241301-Cable-Rope-High-Pulley-Overhead-Tricep-Extension_Upper-Arms_720.gif"}}, {"model": "usuarios.ejercicio", "pk": 49, "fields": {"nombre": "Extensi¾n Lateral Aislada con Banda", "musculo": "TrÝceps", "equipamiento": "Polea", "gif_url": "https://fitcron.com/wp-content/uploads/2021/04/09981301-Band-side-triceps-extension_Upper-Arms_720.gif"}}, {"model": "usuarios.ejercicio", "pk": 50, "fields": {"nombre": "Extensi¾n Lateral Aislada en Supinaci¾n en Polea Alta", "musculo": "TrÝceps", "equipamiento": "Polea", "gif_url": "https://fitcron.com/wp-content/uploads/2021/04/16091301-Cable-One-Arm-Side-Triceps-Pushdown_Upper-arms_720.gif"}}, {"model": "usuarios.ejercicio", "pk": 51, "fields": {"nombre": "Extensi¾n Trasera Aislada en Polea Alta", "musculo": "TrÝceps", "equipamiento": "Polea", "gif_url": "https://fitcron.com/wp-content/uploads/2021/04/02041301-Cable-Rear-Drive_Upper-Arms_720.gif"}}, {"model": "usuarios.ejercicio", "pk": 52, "fields": {"nombre": "Extensi¾n Vertical Aislada con Mancuerna", "musculo": "TrÝceps", "equipamiento": "Polea", "gif_url": "https://fitcron.com/wp-content/uploads/2021/04/03621301-Dumbbell-One-Arm-Triceps-Extension-on-bench_Upper-Arms_720.gif"}}, {"model": "usuarios.ejercicio", "pk": 53, "fields": {"nombre": "Extensi¾n Vertical Aislada en Pronaci¾n en Polea Alta", "musculo": "TrÝceps", "equipamiento": "Polea", "gif_url": "https://fitcron.com/wp-content/uploads/2021/04/17231301-Cable-One-Arm-Tricep-Pushdown_Upper-Arms_720.gif"}}, {"model": "usuarios.ejercicio", "pk": 54, "fields": {"nombre": "Extensi¾n Vertical Aislada en Pronaci¾n en Polea Baja", "musculo": "TrÝceps", "equipamiento": "Polea", "gif_url": "https://fitcron.com/wp-content/uploads/2021/04/17271301-Cable-Standing-Reverse-Grip-One-Arm-Overhead-Tricep-Extension_Upper-Arms_720.gif"}}, {"model": "usuarios.ejercicio", "pk": 55, "fields": {"nombre": "Extensi¾n Vertical Aislada en Supinaci¾n en Polea Alta", "musculo": "TrÝceps", "equipamiento": "Polea", "gif_url": "https://fitcron.com/wp-content/uploads/2021/04/02311301-Cable-Standing-One-Arm-Triceps-Extension_Upper-Arms_720.gif"}}, {"model": "usuarios.ejercicio", "pk": 56, "fields": {"nombre": "Extensi¾n Vertical con Bandas", "musculo": "TrÝceps", "equipamiento": "Polea", "gif_url": "https://fitcron.com/wp-content/uploads/2021/04/39391301-Band-overhead-triceps-extension-male_Upper-Arms_720.gif"}}, {"model": "usuarios.ejercicio", "pk": 57, "fields": {"nombre": "Extensi¾n Vertical con Mancuerna", "musculo": "TrÝceps", "equipamiento": "Polea", "gif_url": "https://fitcron.com/wp-content/uploads/2021/04/21881301-Dumbbell-Seated-Triceps-Extension_Upper-Arms_720.gif"}}, {"model": "usuarios.ejercicio", "pk": 58, "fields": {"nombre": "Extensi¾n Vertical en Pronaci¾n en Polea Alta", "musculo": "TrÝceps", "equipamiento": "Polea", "gif_url": "https://fitcron.com/wp-content/uploads/2021/04/02411301-Cable-Triceps-Pushdown-V-bar-attachment_Upper-Arms_720.gif"}}, {"model": "usuarios.ejercicio", "pk": 59, "fields": {"nombre": "Extensi¾n Vertical en Supinaci¾n en Polea Alta", "musculo": "TrÝceps", "equipamiento": "Polea", "gif_url": "https://fitcron.com/wp-content/uploads/2021/04/16061301-Cable-Reverse-Grip-Triceps-Pushdown-SZ-bar_Upper-arms_720.gif"}}, {"model": "usuarios.ejercicio", "pk": 60, "fields": {"nombre": "Extensi¾n Vertical Neutra en Polea Alta", "musculo": "TrÝceps", "equipamiento": "Polea", "gif_url": "https://fitcron.com/wp-content/uploads/2021/04/16061301-Cable-Reverse-Grip-Triceps-Pushdown-SZ-bar_Upper-arms_720.gif"}}, {"model": "usuarios.ejercicio", "pk": 61, "fields": {"nombre": "Extensi¾n Vertical Neutra en Polea Baja", "musculo": "TrÝceps", "equipamiento": "Polea", "gif_url": "https://fitcron.com/wp-content/uploads/2021/04/01941301-Cable-Overhead-Triceps-Extension-rope-attachment_Upper-Arms_720.gif"}}, {"model": "usuarios.ejercicio", "pk": 62, "fields": {"nombre": "Patadas Traseras con Mancuernas", "musculo": "TrÝceps", "equipamiento": "Mancuernas", "gif_url": "https://fitcron.com/wp-content/uploads/2021/04/03331301-Dumbbell-Kickback_Upper-Arms_720.gif"}}, {"model": "usuarios.ejercicio", "pk": 63, "fields": {"nombre": "Patadas Traseras en Polea", "musculo": "TrÝceps", "equipamiento": "Polea", "gif_url": "https://fitcron.com/wp-content/uploads/2021/04/03331301-Dumbbell-Kickback_Upper-Arms_720.gif"}}, {"model": "usuarios.ejercicio", "pk": 64, "fields": {"nombre": "Press Banca con giro con Mancuernas", "musculo": "TrÝceps", "equipamiento": "Mancuernas", "gif_url": "https://fitcron.com/wp-content/uploads/2021/04/17431301-Dumbbell-Twisting-Bench-Press_Upper-Arms_720.gif"}}, {"model": "usuarios.ejercicio", "pk": 65, "fields": {"nombre": "Press Banca en Supinaci¾n Aislado con Mancuerna", "musculo": "TrÝceps", "equipamiento": "Mancuernas", "gif_url": "https://fitcron.com/wp-content/uploads/2021/04/16221301-Dumbbell-One-Arm-Reverse-Grip-Press_Chest_720.gif"}}, {"model": "usuarios.ejercicio", "pk": 66, "fields": {"nombre": "Press Banca Neutro con Mancuernas", "musculo": "TrÝceps", "equipamiento": "Mancuernas", "gif_url": "https://fitcron.com/wp-content/uploads/2021/04/03381301-Dumbbell-Lying-Elbow-Press_Triceps_720.gif"}}, {"model": "usuarios.ejercicio", "pk": 67, "fields": {"nombre": "Press Cerrado con Barra", "musculo": "TrÝceps", "equipamiento": "Barra larga", "gif_url": "https://fitcron.com/wp-content/uploads/2021/03/00301301-Barbell-Close-Grip-Bench-Press_Upper-Arms_720.gif"}}, {"model": "usuarios.ejercicio", "pk": 68, "fields": {"nombre": "Aperturas con Bandas", "musculo": "Pecho", "equipamiento": "Polea", "gif_url": "https://fitcron.com/wp-content/uploads/2021/03/37571301-Band-high-fly-male_Chest_720.gif"}}, {"model": "usuarios.ejercicio", "pk": 69, "fields": {"nombre": "Aperturas con Mancuernas", "musculo": "Pecho", "equipamiento": "Mancuernas", "gif_url": "https://fitcron.com/wp-content/uploads/2021/03/03081301-Dumbbell-Fly_Chest-FIX_720.gif"}}, {"model": "usuarios.ejercicio", "pk": 70, "fields": {"nombre": "Aperturas Declinadas con giro con Mancuernas", "musculo": "Pecho", "equipamiento": "Mancuernas", "gif_url": "https://fitcron.com/wp-content/uploads/2021/03/03071301-Dumbbell-Decline-Twist-Fly_Chest_720.gif"}}, {"model": "usuarios.ejercicio", "pk": 71, "fields": {"nombre": "Aperturas Declinadas con Mancuernas", "musculo": "Pecho", "equipamiento": "Mancuernas", "gif_url": "https://fitcron.com/wp-content/uploads/2021/03/03021301-Dumbbell-Decline-Fly_Chest_720.gif"}}, {"model": "usuarios.ejercicio", "pk": 72, "fields": {"nombre": "Aperturas en Mßquina", "musculo": "Pecho", "equipamiento": "Mßquina", "gif_url": "https://fitcron.com/wp-content/uploads/2021/03/10301301-Lever-Pec-Deck-Fly_Chest_720.gif"}}, {"model": "usuarios.ejercicio", "pk": 73, "fields": {"nombre": "Aperturas Extendidas en Mßquina", "musculo": "Pecho", "equipamiento": "Mßquina", "gif_url": "https://fitcron.com/wp-content/uploads/2021/03/05961301-Lever-Seated-Fly_Chest_720.gif"}}, {"model": "usuarios.ejercicio", "pk": 74, "fields": {"nombre": "Aperturas Inclinadas con Mancuernas", "musculo": "Pecho", "equipamiento": "Mancuernas", "gif_url": "https://fitcron.com/wp-content/uploads/2021/03/03191301-Dumbbell-Incline-Fly_Chest-FIX_720.gif"}}, {"model": "usuarios.ejercicio", "pk": 75, "fields": {"nombre": "Cruce completo de Poleas", "musculo": "Pecho", "equipamiento": "Polea", "gif_url": "https://fitcron.com/wp-content/uploads/2021/03/02271301-Cable-Standing-Fly_Chest_720.gif"}}, {"model": "usuarios.ejercicio", "pk": 76, "fields": {"nombre": "Cruce de Poleas", "musculo": "Pecho", "equipamiento": "Polea", "gif_url": "https://fitcron.com/wp-content/uploads/2021/03/01881301-Cable-Middle-Fly_Chest_720.gif"}}, {"model": "usuarios.ejercicio", "pk": 77, "fields": {"nombre": "Cruce inferior de Poleas", "musculo": "Pecho", "equipamiento": "Polea", "gif_url": "https://fitcron.com/wp-content/uploads/2021/03/12691301-Cable-Standing-Up-Straight-Crossovers_Chest_720.gif"}}, {"model": "usuarios.ejercicio", "pk": 78, "fields": {"nombre": "Cruce superior de Poleas", "musculo": "Pecho", "equipamiento": "Polea", "gif_url": "https://fitcron.com/wp-content/uploads/2021/03/12701301-Cable-Upper-Chest-Crossovers_Chest_720.gif"}}, {"model": "usuarios.ejercicio", "pk": 79, "fields": {"nombre": "Fondos en Mßquina", "musculo": "Pecho", "equipamiento": "Mßquina", "gif_url": "https://fitcron.com/wp-content/uploads/2021/03/14511301-Lever-Seated-Dip_Upper-Arms_720.gif"}}, {"model": "usuarios.ejercicio", "pk": 80, "fields": {"nombre": "Fondos en Paralelas", "musculo": "Pecho", "equipamiento": "Mßquina", "gif_url": "https://fitcron.com/wp-content/uploads/2021/03/02511301-Chest-Dip_Chest_720.gif"}}, {"model": "usuarios.ejercicio", "pk": 81, "fields": {"nombre": "Press Abierto Neutro con Mancuernas", "musculo": "Pecho", "equipamiento": "Mancuernas", "gif_url": "https://fitcron.com/wp-content/uploads/2021/03/03401301-Dumbbell-Lying-Hammer-Press_Chest_720.gif"}}, {"model": "usuarios.ejercicio", "pk": 82, "fields": {"nombre": "Press Aislado en Supinaci¾n con Mancuerna", "musculo": "Pecho", "equipamiento": "Mancuernas", "gif_url": "https://fitcron.com/wp-content/uploads/2021/03/03431301-Dumbbell-Lying-One-Arm-Press_Chest_720.gif"}}, {"model": "usuarios.ejercicio", "pk": 83, "fields": {"nombre": "Press Banca Abierto con Barra", "musculo": "Pecho", "equipamiento": "Barra larga", "gif_url": "https://fitcron.com/wp-content/uploads/2021/03/01221301-Barbell-Wide-Bench-Press_Chest_720.gif"}}, {"model": "usuarios.ejercicio", "pk": 84, "fields": {"nombre": "Press Banca Abierto Inverso con Barra", "musculo": "Pecho", "equipamiento": "Barra larga", "gif_url": "https://fitcron.com/wp-content/uploads/2021/03/12581301-Barbell-Wide-Reverse-Grip-Bench-Press_Chest_720.gif"}}, {"model": "usuarios.ejercicio", "pk": 85, "fields": {"nombre": "Press Banca Alterno con Mancuernas", "musculo": "Pecho", "equipamiento": "Mancuernas", "gif_url": "https://fitcron.com/wp-content/uploads/2021/03/36951301-Dumbbell-Alternate-Bench-Press-high-start_Chest_720.gif"}}, {"model": "usuarios.ejercicio", "pk": 86, "fields": {"nombre": "Press Banca Cerrado con Barra", "musculo": "Pecho", "equipamiento": "Barra larga", "gif_url": "https://fitcron.com/wp-content/uploads/2021/03/24321301-EZ-bar-Close-Grip-Bench-Press_Upper-Arms_720.gif"}}, {"model": "usuarios.ejercicio", "pk": 87, "fields": {"nombre": "Press Banca con Barra", "musculo": "Pecho", "equipamiento": "Barra larga", "gif_url": "https://fitcron.com/wp-content/uploads/2021/03/00251301-Barbell-Bench-Press_Chest-FIX_720.gif"}}, {"model": "usuarios.ejercicio", "pk": 88, "fields": {"nombre": "Press Banca en Mßquina", "musculo": "Pecho", "equipamiento": "Mßquina", "gif_url": "https://fitcron.com/wp-content/uploads/2021/03/10411301-Lever-Lying-Chest-Press-plate-loaded_Chest_720.gif"}}, {"model": "usuarios.ejercicio", "pk": 89, "fields": {"nombre": "Press Cerrado Neutro con Mancuernas", "musculo": "Pecho", "equipamiento": "Barra larga", "gif_url": "https://fitcron.com/wp-content/uploads/2021/03/36811301-Dumbbell-Squeeze-Bench-Press_Chest_720.gif"}}, {"model": "usuarios.ejercicio", "pk": 90, "fields": {"nombre": "Press Declinado con Barra", "musculo": "Pecho", "equipamiento": "Barra larga", "gif_url": "https://fitcron.com/wp-content/uploads/2021/03/00361301-Barbell-Decline-Wide-grip-Press_Chest_720.gif"}}, {"model": "usuarios.ejercicio", "pk": 91, "fields": {"nombre": "Press Frontal Cerrado en Mßquina", "musculo": "Pecho", "equipamiento": "Mßquina", "gif_url": "https://fitcron.com/wp-content/uploads/2021/03/13011301-Machine-Inner-Chest-Press_Chest_720.gif"}}, {"model": "usuarios.ejercicio", "pk": 92, "fields": {"nombre": "Press Frontal en Mßquina", "musculo": "Pecho", "equipamiento": "Mßquina", "gif_url": "https://fitcron.com/wp-content/uploads/2021/03/22771301-Lever-Chest-Press-VERSION-4_Chest_720.gif"}}, {"model": "usuarios.ejercicio", "pk": 93, "fields": {"nombre": "Press Frontal Inferior en Mßquina", "musculo": "Pecho", "equipamiento": "Mßquina", "gif_url": "https://fitcron.com/wp-content/uploads/2021/03/22781301-Lever-Decline-Chest-Press-VERSION-2_Chest_720.gif"}}, {"model": "usuarios.ejercicio", "pk": 94, "fields": {"nombre": "Press Frontal Superior en Mßquina", "musculo": "Pecho", "equipamiento": "Mßquina", "gif_url": "https://fitcron.com/wp-content/uploads/2021/03/12991301-Leverage-Incline-Chest-Press_Chest_720.gif"}}, {"model": "usuarios.ejercicio", "pk": 95, "fields": {"nombre": "Press Inclinado con Barra", "musculo": "Pecho", "equipamiento": "Barra larga", "gif_url": "https://fitcron.com/wp-content/uploads/2021/03/00471301-Barbell-Incline-Bench-Press_Chest_720.gif"}}, {"model": "usuarios.ejercicio", "pk": 96, "fields": {"nombre": "Dominada", "musculo": "Espalda", "equipamiento": "Otro", "gif_url": "https://fitcron.com/wp-content/uploads/2021/04/14291301-Wide-Grip-Pull-Up_Back_720.gif"}}, {"model": "usuarios.ejercicio", "pk": 97, "fields": {"nombre": "Extensiones Cruzadas en Polea Alta", "musculo": "Espalda", "equipamiento": "Polea", "gif_url": "https://fitcron.com/wp-content/uploads/2021/04/23301301-Cable-Lat-Pulldown-Full-Range-Of-Motion_Back_720.gif"}}, {"model": "usuarios.ejercicio", "pk": 98, "fields": {"nombre": "Hiperextensiones en Mßquina", "musculo": "Espalda", "equipamiento": "Mßquina", "gif_url": "https://fitcron.com/wp-content/uploads/2021/04/05731301-Lever-Back-Extension_Waist_720.gif"}}, {"model": "usuarios.ejercicio", "pk": 99, "fields": {"nombre": "Jal¾n Abierto en Pronaci¾n en Polea Alta", "musculo": "Espalda", "equipamiento": "Mßquina", "gif_url": "https://fitcron.com/wp-content/uploads/2021/04/01971301-Cable-Pulldown-pro-lat-bar_Back_720.gif"}}, {"model": "usuarios.ejercicio", "pk": 100, "fields": {"nombre": "Jal¾n Abierto en Supinaci¾n en Polea Alta", "musculo": "Espalda", "equipamiento": "Mßquina", "gif_url": "https://fitcron.com/wp-content/uploads/2021/04/02451301-Cable-Underhand-Pulldown_Back_720.gif"}}, {"model": "usuarios.ejercicio", "pk": 101, "fields": {"nombre": "Jal¾n Aislado en Polea Alta", "musculo": "Espalda", "equipamiento": "Mßquina", "gif_url": "https://fitcron.com/wp-content/uploads/2021/04/00071301-Alternate-Lateral-Pulldown_back_720.gif"}}, {"model": "usuarios.ejercicio", "pk": 102, "fields": {"nombre": "Jal¾n Cerrado con Cuerda en Polea Alta", "musculo": "Espalda", "equipamiento": "Polea", "gif_url": "http://fitcron.com/wp-content/uploads/2021/04/01771301-Cable-Lateral-Pulldown-with-rope-attachment_Back_720.gif"}}, {"model": "usuarios.ejercicio", "pk": 103, "fields": {"nombre": "Jal¾n Cerrado en Pronaci¾n en Polea Alta", "musculo": "Espalda", "equipamiento": "Mßquina", "gif_url": "https://fitcron.com/wp-content/uploads/2021/04/10471301-Cable-Close-Grip-Front-Lat-Pulldown_Back_720.gif"}}, {"model": "usuarios.ejercicio", "pk": 104, "fields": {"nombre": "Jal¾n Cerrado Neutro en Polea Alta", "musculo": "Espalda", "equipamiento": "Polea", "gif_url": "https://fitcron.com/wp-content/uploads/2021/04/26161301-Cable-Lateral-Pulldown-with-V-bar_Back_720.gif"}}, {"model": "usuarios.ejercicio", "pk": 105, "fields": {"nombre": "Jal¾n en Pronaci¾n en Mßquina", "musculo": "Espalda", "equipamiento": "Mßquina", "gif_url": "https://fitcron.com/wp-content/uploads/2021/04/05791301-Lever-Front-Pulldown_Back_720.gif"}}, {"model": "usuarios.ejercicio", "pk": 106, "fields": {"nombre": "Jal¾n en Supinaci¾n en Polea Alta", "musculo": "Espalda", "equipamiento": "Polea", "gif_url": "https://fitcron.com/wp-content/uploads/2021/04/02081301-Cable-Reverse-grip-Straight-Back-Seated-High-Row_Back_720.gif"}}, {"model": "usuarios.ejercicio", "pk": 107, "fields": {"nombre": "Jal¾n Trasero Abierto en Pronaci¾n en Polea Alta", "musculo": "Espalda", "equipamiento": "Polea", "gif_url": "https://fitcron.com/wp-content/uploads/2021/04/13251301-Cable-Wide-Grip-Rear-Pulldown-Behind-Neck_Back_720.gif"}}, {"model": "usuarios.ejercicio", "pk": 108, "fields": {"nombre": "Pullover con Barra Z", "musculo": "Espalda", "equipamiento": "Barra larga", "gif_url": "https://fitcron.com/wp-content/uploads/2021/04/30101301-EZ-Bar-Lying-Bent-Arms-Pullover_Back_720.gif"}}, {"model": "usuarios.ejercicio", "pk": 109, "fields": {"nombre": "Pullover con Mancuerna", "musculo": "Espalda", "equipamiento": "Mancuernas", "gif_url": "https://fitcron.com/wp-content/uploads/2021/04/04331301-Dumbbell-Straight-Arm-Pullover_Chest-FIX_720.gif"}}, {"model": "usuarios.ejercicio", "pk": 110, "fields": {"nombre": "Remo Aislado con Mancuerna", "musculo": "Espalda", "equipamiento": "Mancuernas", "gif_url": "https://fitcron.com/wp-content/uploads/2021/04/02921301-Dumbbell-Bent-over-Row_back_Back_720.gif"}}, {"model": "usuarios.ejercicio", "pk": 111, "fields": {"nombre": "Remo Aislado en Pronaci¾n en Mßquina Smith", "musculo": "Espalda", "equipamiento": "Barra larga", "gif_url": "https://fitcron.com/wp-content/uploads/2021/04/13601301-Smith-One-Arm-Row_Back_720.gif"}}, {"model": "usuarios.ejercicio", "pk": 112, "fields": {"nombre": "Remo Colgado en Pronaci¾n", "musculo": "Espalda", "equipamiento": "Barra larga", "gif_url": "https://fitcron.com/wp-content/uploads/2021/04/04991301-Inverted-Row_Back-FIX_720.gif"}}, {"model": "usuarios.ejercicio", "pk": 113, "fields": {"nombre": "Remo Cruzado en Polea Alta", "musculo": "Espalda", "equipamiento": "Polea", "gif_url": "https://fitcron.com/wp-content/uploads/2021/04/01531301-Cable-Cross-over-Lateral-Pulldown_Back_720.gif"}}, {"model": "usuarios.ejercicio", "pk": 114, "fields": {"nombre": "Remo en Barra T en Pronaci¾n", "musculo": "Espalda", "equipamiento": "Mßquina", "gif_url": "https://fitcron.com/wp-content/uploads/2021/04/11941301-Lever-Lying-T-bar-Row_Back_720.gif"}}, {"model": "usuarios.ejercicio", "pk": 115, "fields": {"nombre": "Remo en Pronaci¾n con Barra", "musculo": "Espalda", "equipamiento": "Barra larga", "gif_url": "https://fitcron.com/wp-content/uploads/2021/04/00271301-Barbell-Bent-Over-Row_Back-FIX_720.gif"}}, {"model": "usuarios.ejercicio", "pk": 116, "fields": {"nombre": "Remo en Pronaci¾n con Mancuernas", "musculo": "Espalda", "equipamiento": "Mancuernas", "gif_url": "https://fitcron.com/wp-content/uploads/2021/04/13291301-Dumbbell-Palm-Rotational-Bent-Over-Row_Back_720.gif"}}, {"model": "usuarios.ejercicio", "pk": 117, "fields": {"nombre": "Remo en Supinaci¾n en Mßquina Smith", "musculo": "Espalda", "equipamiento": "Barra larga", "gif_url": "https://fitcron.com/wp-content/uploads/2021/04/13611301-Smith-Reverse-Grip-Bent-Over-Row_Back_720.gif"}}, {"model": "usuarios.ejercicio", "pk": 118, "fields": {"nombre": "Remo Horizontal Abierto en Pronaci¾n en Polea", "musculo": "Espalda", "equipamiento": "Mßquina", "gif_url": "https://fitcron.com/wp-content/uploads/2021/04/02181301-Cable-Seated-Wide-grip-Row_Back_720.gif"}}, {"model": "usuarios.ejercicio", "pk": 119, "fields": {"nombre": "Remo Horizontal Cerrado en Pronaci¾n en Polea", "musculo": "Espalda", "equipamiento": "Mßquina", "gif_url": "https://fitcron.com/wp-content/uploads/2021/04/13201301-Cable-Rope-Crossover-Seated-Row_Back_720.gif"}}, {"model": "usuarios.ejercicio", "pk": 120, "fields": {"nombre": "Remo Horizontal Cerrado Neutro Amplio en Polea", "musculo": "Espalda", "equipamiento": "Mßquina", "gif_url": "https://fitcron.com/wp-content/uploads/2021/04/08611301-Cable-seated-row_Back_720.gif"}}, {"model": "usuarios.ejercicio", "pk": 121, "fields": {"nombre": "Remo Horizontal Cerrado Neutro en Polea", "musculo": "Espalda", "equipamiento": "Mßquina", "gif_url": "https://fitcron.com/wp-content/uploads/2021/04/26611301-Cable-Seated-Row-with-V-bar_Back_720.gif"}}, {"model": "usuarios.ejercicio", "pk": 122, "fields": {"nombre": "Remo Superior en Pronaci¾n en Polea", "musculo": "Espalda", "equipamiento": "Polea", "gif_url": "https://fitcron.com/wp-content/uploads/2021/04/32321301-Cable-Standing-Rear-Delt-Horizontal-Row-with-rope_Shoulder_720.gif"}}, {"model": "usuarios.ejercicio", "pk": 123, "fields": {"nombre": "Bicicleta Estßtica Deportiva", "musculo": "Cardio", "equipamiento": "Mßquina", "gif_url": "https://fitcron.com/wp-content/uploads/2021/03/21381301-Stationary-Bike-Run-version-3_Cardio_720.gif"}}, {"model": "usuarios.ejercicio", "pk": 124, "fields": {"nombre": "Bicicleta Estßtica Normal", "musculo": "Cardio", "equipamiento": "Mßquina", "gif_url": "https://fitcron.com/wp-content/uploads/2021/03/22791301-Stationary-Bike-Run-version-4_Cardio_720.gif"}}, {"model": "usuarios.ejercicio", "pk": 125, "fields": {"nombre": "Caminadora", "musculo": "Cardio", "equipamiento": "Mßquina", "gif_url": "https://fitcron.com/wp-content/uploads/2021/03/06841301-Run-equipment_Cardio_720.gif"}}, {"model": "usuarios.ejercicio", "pk": 126, "fields": {"nombre": "Mßquina de Remo", "musculo": "Cardio", "equipamiento": "Mßquina", "gif_url": "https://fitcron.com/wp-content/uploads/2021/03/11611301-Rowing-with-rowing-machine_Cardio_720.gif"}}, {"model": "usuarios.ejercicio", "pk": 127, "fields": {"nombre": "Mßquina ElÝptica", "musculo": "Cardio", "equipamiento": "Mßquina", "gif_url": "https://fitcron.com/wp-content/uploads/2021/03/21921301-Elliptical-Machine-Walk_Cardio_720.gif"}}, {"model": "usuarios.ejercicio", "pk": 128, "fields": {"nombre": "Curl en Banco Scott en Pronaci¾n con Mancuerna", "musculo": "BÝceps", "equipamiento": "Mancuernas", "gif_url": "https://fitcron.com/wp-content/uploads/2021/04/14141301-Dumbbell-One-Arm-Reverse-Preacher-Curl_Forearms_720.gif"}}, {"model": "usuarios.ejercicio", "pk": 129, "fields": {"nombre": "Curl en Martillo Alterno con Mancuernas", "musculo": "BÝceps", "equipamiento": "Mancuernas", "gif_url": "https://fitcron.com/wp-content/uploads/2021/04/02981301-Dumbbell-Cross-Body-Hammer-Curl_Forearms_720.gif"}}, {"model": "usuarios.ejercicio", "pk": 130, "fields": {"nombre": "Curl en Pronaci¾n Abierto con Barra", "musculo": "BÝceps", "equipamiento": "Barra larga", "gif_url": "https://fitcron.com/wp-content/uploads/2021/04/00801301-Barbell-Reverse-Curl_Forearm_720.gif"}}, {"model": "usuarios.ejercicio", "pk": 131, "fields": {"nombre": "Curl en Pronaci¾n con Barra Z", "musculo": "BÝceps", "equipamiento": "Barra larga", "gif_url": "https://fitcron.com/wp-content/uploads/2021/04/04511301-EZ-Barbell-Reverse-Grip-Curl_Forearms_720.gif"}}, {"model": "usuarios.ejercicio", "pk": 132, "fields": {"nombre": "Curl en Pronaci¾n en banco Scott con Barra", "musculo": "BÝceps", "equipamiento": "Barra larga", "gif_url": "https://fitcron.com/wp-content/uploads/2021/04/00811301-Barbell-Reverse-Preacher-Curl_Forearm_720.gif"}}, {"model": "usuarios.ejercicio", "pk": 133, "fields": {"nombre": "Curl en Pronaci¾n en banco Scott con Barra Z", "musculo": "BÝceps", "equipamiento": "Barra larga", "gif_url": "https://fitcron.com/wp-content/uploads/2021/04/04521301-EZ-Barbell-Reverse-grip-Preacher-Curl_Forearms_720.gif"}}, {"model": "usuarios.ejercicio", "pk": 134, "fields": {"nombre": "Curl en Supinaci¾n Abierto Con Barra", "musculo": "BÝceps", "equipamiento": "Barra larga", "gif_url": "https://fitcron.com/wp-content/uploads/2021/04/16291301-Barbell-Standing-Wide-Grip-Biceps-Curl_Upper-Arms_720.gif"}}, {"model": "usuarios.ejercicio", "pk": 135, "fields": {"nombre": "Curl en Supinaci¾n Abierto Con Barra Z", "musculo": "BÝceps", "equipamiento": "Barra larga", "gif_url": "https://fitcron.com/wp-content/uploads/2021/04/27411301-EZ-Barbell-Standing-Wide-Grip-Biceps-Curl_Upper-Arms_720.gif"}}, {"model": "usuarios.ejercicio", "pk": 136, "fields": {"nombre": "Curl en Supinaci¾n Aislado con Banda", "musculo": "BÝceps", "equipamiento": "Polea", "gif_url": "https://fitcron.com/wp-content/uploads/2021/04/09861301-Band-one-arm-overhead-biceps-curl_Upper-Arms_720.gif"}}, {"model": "usuarios.ejercicio", "pk": 137, "fields": {"nombre": "Curl en Supinaci¾n Cerrado en banco Scott con Barra Z", "musculo": "BÝceps", "equipamiento": "Barra larga", "gif_url": "https://fitcron.com/wp-content/uploads/2021/04/16271301-EZ-Barbell-Close-Grip-Preacher-Curl_Upper-Arms-FIX_720.gif"}}, {"model": "usuarios.ejercicio", "pk": 138, "fields": {"nombre": "Curl Horizontal con giro con Mancuernas", "musculo": "BÝceps", "equipamiento": "Mancuernas", "gif_url": "https://fitcron.com/wp-content/uploads/2021/04/03501301-Dumbbell-Lying-Supine-Curl_Forearms_720.gif"}}, {"model": "usuarios.ejercicio", "pk": 139, "fields": {"nombre": "Curl Horizontal con Mancuernas", "musculo": "BÝceps", "equipamiento": "Mancuernas", "gif_url": "https://fitcron.com/wp-content/uploads/2021/04/16621301-Dumbbell-Lying-Wide-Curl_Upper-Arms_720.gif"}}, {"model": "usuarios.ejercicio", "pk": 140, "fields": {"nombre": "Curl Horizontal en Supinaci¾n con Mancuernas", "musculo": "BÝceps", "equipamiento": "Mancuernas", "gif_url": "https://fitcron.com/wp-content/uploads/2021/04/16611301-Dumbbell-Lying-Supine-Biceps-Curl_Upper-Arms_720.gif"}}, {"model": "usuarios.ejercicio", "pk": 141, "fields": {"nombre": "Curl Inclinado Alterno en Supinaci¾n con Mancuernas", "musculo": "BÝceps", "equipamiento": "Mancuernas", "gif_url": "https://fitcron.com/wp-content/uploads/2021/04/36821301-Dumbbell-Incline-Alternate-Bicep-Curl_Upper-Arms_720.gif"}}, {"model": "usuarios.ejercicio", "pk": 142, "fields": {"nombre": "Curl Inclinado Lateral con Mancuernas", "musculo": "BÝceps", "equipamiento": "Mancuernas", "gif_url": "https://fitcron.com/wp-content/uploads/2021/04/03221301-Dumbbell-Incline-Inner-Biceps-Curl_Upper-Arms_720.gif"}}, {"model": "usuarios.ejercicio", "pk": 143, "fields": {"nombre": "Curl Lateral con Mancuernas", "musculo": "BÝceps", "equipamiento": "Mancuernas", "gif_url": "https://fitcron.com/wp-content/uploads/2021/04/16641301-Dumbbell-High-Curl_Upper-Arms_720.gif"}}, {"model": "usuarios.ejercicio", "pk": 144, "fields": {"nombre": "Curl Spider en Supinaci¾n con Barra", "musculo": "BÝceps", "equipamiento": "Barra larga", "gif_url": "https://fitcron.com/wp-content/uploads/2021/04/00721301-Barbell-Prone-Incline-Curl_Upper-Arms_720.gif"}}, {"model": "usuarios.ejercicio", "pk": 145, "fields": {"nombre": "Curl Spider en Supinaci¾n con Barra Z", "musculo": "BÝceps", "equipamiento": "Barra larga", "gif_url": "https://fitcron.com/wp-content/uploads/2021/04/16281301-EZ-Barbell-Spider-Curl_Upper-Arms_720.gif"}}, {"model": "usuarios.ejercicio", "pk": 146, "fields": {"nombre": "Press Militar en Pronaci¾n en Mßquina", "musculo": "Hombro", "equipamiento": "Mßquina", "gif_url": "https://fitcron.com/wp-content/uploads/2021/04/14541103-Lever-Seated-Shoulder-Press_Shoulders_720.gif"}}, {"model": "usuarios.ejercicio", "pk": 147, "fields": {"nombre": "Press Militar Inclinado en Pronaci¾n en Mßquina", "musculo": "Hombro", "equipamiento": "Mßquina", "gif_url": "https://fitcron.com/wp-content/uploads/2021/04/08691301-Lever-Shoulder-Press-plate-loaded-II_Shoulders_720.gif"}}, {"model": "usuarios.ejercicio", "pk": 148, "fields": {"nombre": "Press Militar Inclinado Neutro en Mßquina", "musculo": "Hombro", "equipamiento": "Mßquina", "gif_url": "https://fitcron.com/wp-content/uploads/2021/04/11951301-Lever-Incline-Hammer-Chest-Press_Chest_720.gif"}}, {"model": "usuarios.ejercicio", "pk": 149, "fields": {"nombre": "Press Militar Abierto con Barra", "musculo": "Hombro", "equipamiento": "Barra larga", "gif_url": "https://fitcron.com/wp-content/uploads/2021/04/14571301-Barbell-Standing-Wide-Military-Press_Shoulders_720.gif"}}, {"model": "usuarios.ejercicio", "pk": 150, "fields": {"nombre": "Aperturas Traseras Neutras en Mßquina", "musculo": "Hombro", "equipamiento": "Mßquina", "gif_url": "https://fitcron.com/wp-content/uploads/2021/04/06011301-Lever-Seated-Reverse-Fly-parallel-grip_shoulder_720.gif"}}, {"model": "usuarios.ejercicio", "pk": 151, "fields": {"nombre": "Aperturas Traseras en Pronaci¾n en Mßquina", "musculo": "Hombro", "equipamiento": "Mßquina", "gif_url": "https://fitcron.com/wp-content/uploads/2021/04/06021301-Lever-Seated-Reverse-Fly_Shoulders_720.gif"}}, {"model": "usuarios.ejercicio", "pk": 152, "fields": {"nombre": "Elevaciones Frontales Declinadas en Pronaci¾n con Mancuernas", "musculo": "Hombro", "equipamiento": "Mancuernas", "gif_url": "https://fitcron.com/wp-content/uploads/2021/04/35411301-Dumbbell-Incline-Y-Raise_Shoulders_720.gif"}}, {"model": "usuarios.ejercicio", "pk": 153, "fields": {"nombre": "Pßjaros Aislados en Polea", "musculo": "Hombro", "equipamiento": "Polea", "gif_url": "https://fitcron.com/wp-content/uploads/2021/04/39121301-Cable-Bent-Over-One-Arm-Lateral-Raise_Shoulders_720.gif"}}, {"model": "usuarios.ejercicio", "pk": 154, "fields": {"nombre": "Pßjaros de pie con Mancuernas", "musculo": "Hombro", "equipamiento": "Mancuernas", "gif_url": "https://fitcron.com/wp-content/uploads/2021/04/03801301-Dumbbell-Rear-Lateral-Raise_Shoulders_720.gif"}}, {"model": "usuarios.ejercicio", "pk": 155, "fields": {"nombre": "Remo al ment¾n Cerrado con Barra Z", "musculo": "Hombro", "equipamiento": "Barra larga", "gif_url": "https://fitcron.com/wp-content/uploads/2021/04/01201301-Barbell-Upright-Row_shoulder_720.gif"}}, {"model": "usuarios.ejercicio", "pk": 156, "fields": {"nombre": "Remo al ment¾n con Barra", "musculo": "Hombro", "equipamiento": "Barra larga", "gif_url": "https://fitcron.com/wp-content/uploads/2021/04/01231301-Barbell-Wide-Grip-Upright-Row_Shoulders_720.gif"}}, {"model": "usuarios.ejercicio", "pk": 157, "fields": {"nombre": "Remo al ment¾n en Polea", "musculo": "Hombro", "equipamiento": "Polea", "gif_url": "https://fitcron.com/wp-content/uploads/2021/04/02461301-Cable-Upright-Row_shoulder_720.gif"}}, {"model": "usuarios.ejercicio", "pk": 158, "fields": {"nombre": "Remo Superior Aislado con Mancuerna", "musculo": "Hombro", "equipamiento": "Mancuernas", "gif_url": "https://fitcron.com/wp-content/uploads/2021/04/03771301-Dumbbell-Rear-Delt-Row_shoulder_720.gif"}}, {"model": "usuarios.ejercicio", "pk": 159, "fields": {"nombre": "Remo Superior con Bandas", "musculo": "Hombro", "equipamiento": "Polea", "gif_url": "https://fitcron.com/wp-content/uploads/2021/04/10221301-Band-standing-rear-delt-row_Shoulders_720.gif"}}, {"model": "usuarios.cliente", "pk": 1, "fields": {"coach": null, "user": null, "Peso": 120.0, "Altura": 165.0, "Edad": 27, "Correo": "erozabrandon@gmail.com", "Genero": "M"}}, {"model": "usuarios.cliente", "pk": 2, "fields": {"coach": null, "user": null, "Peso": 32.0, "Altura": 1.38, "Edad": 24, "Correo": "gustavo@gmail.com", "Genero": "M"}}, {"model": "usuarios.cliente", "pk": 4, "fields": {"coach": null, "user": 4, "Peso": 89.0, "Altura": 1.78, "Edad": 27, "Correo": "erozatorres@outlook.com", "Genero": "M"}}, {"model": "usuarios.cliente", "pk": 5, "fields": {"coach": 1, "user": 5, "Peso": 89.0, "Altura": 1.89, "Edad": 27, "Correo": "patata@outlook.com", "Genero": "M"}}, {"model": "usuarios.cliente", "pk": 6, "fields": {"coach": 1, "user": 6, "Peso": 89.0, "Altura": 188.0, "Edad": 27, "Correo": "patata2@outlook.com", "Genero": "M"}}, {"model": "usuarios.cliente", "pk": 7, "fields": {"coach": 1, "user": 7, "Peso": 118.0, "Altura": 165.0, "Edad": 23, "Correo": "erozabrandon@gmail.com", "Genero": "M"}}, {"model": "usuarios.rutina", "pk": 1, "fields": {"owner": null, "nombre": "Rutina del viernes", "creado": "2025-06-16T23:52:21.420Z", "ejercicios": [2, 3, 4, 5]}}, {"model": "usuarios.rutina", "pk": 2, "fields": {"owner": null, "nombre": "Gustavo", "creado": "2025-06-17T04:33:48.576Z", "ejercicios": [2, 3]}}, {"model": "usuarios.rutina", "pk": 3, "fields": {"owner": null, "nombre": "Plancha", "creado": "2025-06-17T23:27:42.933Z", "ejercicios": [4]}}, {"model": "usuarios.rutina", "pk": 4, "fields": {"owner": null, "nombre": "prueba", "creado": "2025-06-18T01:05:54.066Z", "ejercicios": [2]}}, {"model": "usuarios.rutina", "pk": 5, "fields": {"owner": null, "nombre": "asasa", "creado": "2025-06-18T01:17:53.410Z", "ejercicios": [3]}}, {"model": "usuarios.rutina", "pk": 6, "fields": {"owner": null, "nombre": "prueba", "creado": "2025-06-18T02:10:48.161Z", "ejercicios": [5]}}, {"model": "usuarios.rutina", "pk": 7, "fields": {"owner": null, "nombre": "prueba", "creado": "2025-06-18T02:14:17.620Z", "ejercicios": [5]}}, {"model": "usuarios.rutina", "pk": 8, "fields": {"owner": 1, "nombre": "prueba", "creado": "2025-06-24T04:27:06.603Z", "ejercicios": [2]}}, {"model": "usuarios.rutina", "pk": 9, "fields": {"owner": 1, "nombre": "prueba", "creado": "2025-06-25T00:59:27.904Z", "ejercicios": [6]}}, {"model": "usuarios.rutina", "pk": 10, "fields": {"owner": 1, "nombre": "Gustavo", "creado": "2025-06-28T07:13:54.866Z", "ejercicios": [4]}}, {"model": "usuarios.rutina", "pk": 11, "fields": {"owner": 1, "nombre": "Brandon Enrique", "creado": "2025-06-28T07:14:40.947Z", "ejercicios": [5]}}, {"model": "usuarios.rutina", "pk": 12, "fields": {"owner": 1, "nombre": "ewe", "creado": "2025-06-29T04:22:51.133Z", "ejercicios": [6]}}, {"model": "usuarios.rutina", "pk": 13, "fields": {"owner": 1, "nombre": "vgdsvsvs", "creado": "2025-06-29T04:29:45.041Z", "ejercicios": [8]}}, {"model": "usuarios.rutina", "pk": 14, "fields": {"owner": 1, "nombre": "xz", "creado": "2025-06-29T04:40:35.749Z", "ejercicios": [3]}}, {"model": "usuarios.rutina", "pk": 15, "fields": {"owner": 1, "nombre": "Brandon Enrique", "creado": "2025-07-01T04:56:49.489Z", "ejercicios": [3]}}, {"model": "usuarios.rutina", "pk": 16, "fields": {"owner": 1, "nombre": "Brandon Enrique", "creado": "2025-07-05T03:01:08.509Z", "ejercicios": [2]}}, {"model": "usuarios.rutina", "pk": 17, "fields": {"owner": 1, "nombre": "prueba", "creado": "2025-07-05T03:42:41.832Z", "ejercicios": [2]}}, {"model": "usuarios.rutina", "pk": 18, "fields": {"owner": 1, "nombre": "prueba", "creado": "2025-07-05T03:43:05.312Z", "ejercicios": [2]}}, {"model": "usuarios.rutina", "pk": 19, "fields": {"owner": 1, "nombre": "prueba", "creado": "2025-07-05T03:51:48.601Z", "ejercicios": [3]}}, {"model": "usuarios.rutina", "pk": 20, "fields": {"owner": 1, "nombre": "prueba", "creado": "2025-07-05T03:53:05.317Z", "ejercicios": [2]}}, {"model": "usuarios.rutina", "pk": 21, "fields": {"owner": 1, "nombre": "prueba", "creado": "2025-07-05T03:53:45.704Z", "ejercicios": [3]}}, {"model": "usuarios.rutina", "pk": 22, "fields": {"owner": 1, "nombre": "Gustavo", "creado": "2025-07-05T04:13:43.375Z", "ejercicios": [2]}}, {"model": "usuarios.rutina", "pk": 23, "fields": {"owner": 1, "nombre": "m", "creado": "2025-07-05T04:14:31.074Z", "ejercicios": [2]}}, {"model": "usuarios.rutina", "pk": 24, "fields": {"owner": 1, "nombre": "g", "creado": "2025-07-05T18:08:17.799Z", "ejercicios": [2]}}, {"model": "usuarios.rutina", "pk": 25, "fields": {"owner": 1, "nombre": "Brandon Enrique", "creado": "2025-07-05T18:39:41.689Z", "ejercicios": [5]}}, {"model": "usuarios.rutinaasignada", "pk": 1, "fields": {"cliente": 1, "rutina": 1, "asignada_el": "2025-06-16T23:52:21.772Z", "completada": false, "completada_el": null, "comentarios": null, "detalles": {}}}, {"model": "usuarios.rutinaasignada", "pk": 2, "fields": {"cliente": 1, "rutina": 2, "asignada_el": "2025-06-17T04:33:48.726Z", "completada": false, "completada_el": null, "comentarios": null, "detalles": {"2": {"reps": 4, "series": 8, "duracion": 5}, "3": {"reps": 5, "series": 8, "duracion": 7}}}}, {"model": "usuarios.rutinaasignada", "pk": 3, "fields": {"cliente": 2, "rutina": 3, "asignada_el": "2025-06-17T23:27:43.154Z", "completada": false, "completada_el": null, "comentarios": null, "detalles": {"4": {"reps": 7, "series": 7, "duracion": 13}}}}, {"model": "usuarios.rutinaasignada", "pk": 4, "fields": {"cliente": 1, "rutina": 4, "asignada_el": "2025-06-18T01:05:54.193Z", "completada": false, "completada_el": null, "comentarios": null, "detalles": {"2": {"reps": 4, "series": 3, "duracion": 9}}}}, {"model": "usuarios.rutinaasignada", "pk": 5, "fields": {"cliente": 1, "rutina": 5, "asignada_el": "2025-06-18T01:17:53.443Z", "completada": false, "completada_el": null, "comentarios": null, "detalles": {"3": {"reps": 3, "series": 3, "duracion": 23}}}}, {"model": "usuarios.rutinaasignada", "pk": 6, "fields": {"cliente": 1, "rutina": 6, "asignada_el": "2025-06-18T02:10:48.344Z", "completada": false, "completada_el": null, "comentarios": null, "detalles": {"5": {"reps": 7, "series": 5, "duracion": 20}}}}, {"model": "usuarios.rutinaasignada", "pk": 7, "fields": {"cliente": 1, "rutina": 7, "asignada_el": "2025-06-18T02:14:17.674Z", "completada": false, "completada_el": null, "comentarios": null, "detalles": {"5": {"reps": 8, "series": 8, "duracion": 20}}}}, {"model": "usuarios.rutinaasignada", "pk": 9, "fields": {"cliente": 6, "rutina": 9, "asignada_el": "2025-06-25T00:59:28.001Z", "completada": true, "completada_el": null, "comentarios": null, "detalles": {"6": {"reps": 4, "series": 3, "duracion": 23}}}}, {"model": "usuarios.rutinaasignada", "pk": 15, "fields": {"cliente": 6, "rutina": 15, "asignada_el": "2025-07-01T04:56:49.584Z", "completada": true, "completada_el": "2025-07-01T04:57:07.490Z", "comentarios": null, "detalles": {"3": {"reps": 6, "series": 6, "duracion": 6}}}}, {"model": "usuarios.rutinaasignada", "pk": 17, "fields": {"cliente": 7, "rutina": 21, "asignada_el": "2025-07-05T03:53:45.723Z", "completada": true, "completada_el": "2025-07-05T04:15:09.335Z", "comentarios": null, "detalles": {"3": {"reps": null, "series": 5, "duracion": null}}}}, {"model": "usuarios.rutinaasignada", "pk": 19, "fields": {"cliente": 7, "rutina": 23, "asignada_el": "2025-07-05T04:14:31.091Z", "completada": true, "completada_el": "2025-07-05T04:15:10.997Z", "comentarios": null, "detalles": {"2": {"reps": 8, "series": 7, "duracion": null}}}}, {"model": "usuarios.rutinaasignada", "pk": 21, "fields": {"cliente": 7, "rutina": 25, "asignada_el": "2025-07-05T18:39:41.895Z", "completada": false, "completada_el": null, "comentarios": "cfngfn", "detalles": {"5": {"reps": null, "series": null, "duracion": 6}}}}, {"model": "usuarios.notification", "pk": 1, "fields": {"user": 1, "message": "Tu cliente brandon patata complet¾ la rutina ôBrandon Enriqueö.", "created_at": "2025-06-28T07:15:00.520Z", "is_read": true}}, {"model": "usuarios.notification", "pk": 2, "fields": {"user": 1, "message": "Tu cliente brandon patata complet¾ la rutina ôvgdsvsvsö.", "created_at": "2025-06-29T04:40:51.377Z", "is_read": true}}, {"model": "usuarios.notification", "pk": 3, "fields": {"user": 1, "message": "Tu cliente brandon patata complet¾ la rutina ôxzö.", "created_at": "2025-06-29T04:40:53.278Z", "is_read": true}}, {"model": "usuarios.notification", "pk": 4, "fields": {"user": 1, "message": "Tu cliente brandon patata complet¾ la rutina ôBrandon Enriqueö.", "created_at": "2025-07-01T04:57:07.501Z", "is_read": true}}, {"model": "usuarios.notification", "pk": 5, "fields": {"user": 1, "message": "Tu cliente Brandon 2 complet¾ la rutina ôpruebaö.", "created_at": "2025-07-05T04:15:09.345Z", "is_read": true}}, {"model": "usuarios.notification", "pk": 6, "fields": {"user": 1, "message": "Tu cliente Brandon 2 complet¾ la rutina ôGustavoö.", "created_at": "2025-07-05T04:15:10.182Z", "is_read": true}}, {"model": "usuarios.notification", "pk": 7, "fields": {"user": 1, "message": "Tu cliente Brandon 2 complet¾ la rutina ômö.", "created_at": "2025-07-05T04:15:11.008Z", "is_read": true}}]
